{"type": "FeatureCollection", "_meta": {"generated_by": "scripts/fetch_neighborhoods.py", "as_of": "2026-09-22T19:45:36+00:00", "sources": ["https://data.sf.gov/resource/j2bu-swwd.geojson?$limit=100", "Overpass https://overpass.kumi.systems/api/interpreter"]}, "features": [{"type": "Feature", "geometry": {"type": "MultiPolygon", "coordinates": [[[[-122.4115240536888, 37.81044879608742], [-122.41153985323241, 37.81044318863582], [-122.41161987776191, 37.81058326622713], [-122.41160411270023, 37.81058893441228], [-122.4115240536888, 37.81044879608742]]], [[[-122.41175767867192, 37.81057884363537], [-122.41177347933768, 37.810573235233406], [-122.41179485387877, 37.81060978970772], [-122.41177905320674, 37.81061539811251], [-122.41175767867192, 37.81057884363537]]], [[[-122.4113641896826, 37.810505538822554], [-122.41137998922706, 37.810499930491616], [-122.41146052264153, 37.81064089934612], [-122.41144475757876, 37.8106465684108], [-122.4113641896826, 37.810505538822554]]], [[[-122.41167323618089, 37.81060881584611], [-122.4116890368594, 37.81060320745548], [-122.41171041139074, 37.8106397628457], [-122.41169460957046, 37.81064537125756], [-122.41167323618089, 37.81060881584611]]], [[[-122.41158733252901, 37.81063930644136], [-122.41160313210838, 37.81063369898155], [-122.4116245065829, 37.81067025348631], [-122.41160870588514, 37.810675861868226], [-122.41158733252901, 37.81063930644136]]], [[[-122.41187142427496, 37.8105891670982], [-122.41188722493435, 37.81058355868102], [-122.41194268161324, 37.81067840244563], [-122.41192688093787, 37.81068401087017], [-122.41187142427496, 37.8105891670982]]], [[[-122.41150686119848, 37.81066786956199], [-122.41152266190224, 37.81066226119379], [-122.41154403634536, 37.810698815712854], [-122.41152823563547, 37.81070442408395], [-122.41150686119848, 37.81066786956199]]], [[[-122.4117822270914, 37.81062082692352], [-122.41179802776442, 37.8106152185183], [-122.41185655361713, 37.81071530988368], [-122.41184075181498, 37.810720919215846], [-122.4117822270914, 37.81062082692352]]], [[[-122.41142105985564, 37.810698324129554], [-122.41143686057225, 37.8106927157728], [-122.41145823498191, 37.810729270307284], [-122.41144243425914, 37.810734878666864], [-122.41142105985564, 37.810698324129554]]], [[[-122.4116977845626, 37.8106507991516], [-122.4117135852715, 37.81064519165861], [-122.41178621941319, 37.810769413181134], [-122.41177041984199, 37.81077502156619], [-122.4116977845626, 37.8106507991516]]], [[[-122.41161188089544, 37.810681290665364], [-122.4116276804586, 37.810675682301415], [-122.41170031564512, 37.81079990475854], [-122.41168451606102, 37.81080551313214], [-122.41161188089544, 37.810681290665364]]], [[[-122.41153140950567, 37.81070985290171], [-122.4115472102165, 37.810704244530186], [-122.41161984529623, 37.810828467036146], [-122.41160404456453, 37.810834075417354], [-122.41153140950567, 37.81070985290171]]], [[[-122.41144560812435, 37.81074030748681], [-122.41146140998357, 37.81073469910848], [-122.41153404381413, 37.810858921684996], [-122.41151824306938, 37.8108645300546], [-122.41144560812435, 37.81074030748681]]], [[[-122.41137230059832, 37.81078809167152], [-122.41138810247324, 37.81078248330307], [-122.41145019751461, 37.81088868219434], [-122.41143439675722, 37.8108942905526], [-122.41137230059832, 37.81078809167152]]], [[[-122.41991573341389, 37.81157429427028], [-122.41972441122674, 37.81113494523818], [-122.41921522272236, 37.81089374154242], [-122.41918623244189, 37.810925335710024], [-122.41909787531486, 37.81091513068033], [-122.41898814471143, 37.810835419552006], [-122.41893553620456, 37.81088284559538], [-122.41912514223127, 37.81102334966173], [-122.41904867515812, 37.81109444856136], [-122.41946619718102, 37.811381745775876], [-122.41935109226145, 37.8114865571302], [-122.41884613880718, 37.81147336234899], [-122.41683130573198, 37.81013313968053], [-122.4153523068325, 37.80916085011022], [-122.41518908118442, 37.80915782855007], [-122.41518914201325, 37.80915785279616], [-122.4151896436139, 37.809158054633045], [-122.41519013972335, 37.80915826376873], [-122.41519063147693, 37.80915848018485], [-122.41519111885144, 37.809158702980596], [-122.41519160071145, 37.80915893217434], [-122.41519207708025, 37.80915916866688], [-122.41519254904668, 37.80915941063824], [-122.41519301438643, 37.80915965992685], [-122.41519347534712, 37.80915991559509], [-122.41519393079332, 37.809160177661305], [-122.41519437956633, 37.80916044524323], [-122.41519482284802, 37.809160720123955], [-122.41519525945657, 37.80916100052022], [-122.41519569052733, 37.809161286413826], [-122.41519611494826, 37.809161578723796], [-122.41519653271915, 37.80916187745025], [-122.41519694379373, 37.80916218079146], [-122.41519734821829, 37.809162490549184], [-122.41519774596966, 37.8091628058225], [-122.41519813704788, 37.80916312661147], [-122.41519852029425, 37.80916345203368], [-122.41519889689069, 37.80916378387233], [-122.41519926563201, 37.80916411944343], [-122.41519962772345, 37.809164461430946], [-122.415199981983, 37.80916480805164], [-122.41520032838739, 37.809165158404866], [-122.41520066700643, 37.809165515192866], [-122.41520099774708, 37.80916587481245], [-122.4152013195671, 37.80916624088541], [-122.41520163464412, 37.809166609771495], [-122.41520194077705, 37.80916698421009], [-122.41520223905492, 37.80916736238104], [-122.41520252834225, 37.80916774430287], [-122.41520280977441, 37.80916812995709], [-122.41520308337486, 37.80916852024449], [-122.415203346826, 37.8091689134004], [-122.4152036024221, 37.80916931028868], [-122.41520385018627, 37.809169711810206], [-122.41520408780133, 37.80917011620017], [-122.41520431637927, 37.80917052253934], [-122.41520453596675, 37.80917093262926], [-122.41520474656365, 37.80917134647004], [-122.41520494814685, 37.80917176316091], [-122.41520514069292, 37.80917218180088], [-122.4152053242254, 37.80917260329087], [-122.41520549874396, 37.809173027630855], [-122.41520566309008, 37.8091734539384], [-122.41520581839917, 37.809173882195225], [-122.41520596469454, 37.809174313301966], [-122.41520610079414, 37.809174745475524], [-122.41520622785681, 37.80917517959821], [-122.415206344747, 37.8091756156886], [-122.41520645260017, 37.809176053728045], [-122.41520655025768, 37.80917649283438], [-122.41520663887812, 37.80917693388977], [-122.41520671727973, 37.80917737511116], [-122.41520678548555, 37.809177817399316], [-122.41520684463113, 37.80917826073585], [-122.41520689471639, 37.809178705120694], [-122.41520693344742, 37.80917914968993], [-122.41520696425358, 37.809179595289045], [-122.41520698370533, 37.80918004107252], [-122.41520699407363, 37.80918048700351], [-122.41520699419968, 37.80918093219963], [-122.41520698413012, 37.8091813784625], [-122.41520696495382, 37.80918182397206], [-122.4152069355585, 37.80918226964757], [-122.41520689819191, 37.80918271455127], [-122.41520684944776, 37.80918315873853], [-122.41520679046141, 37.809183602190934], [-122.41520672236834, 37.809184044890024], [-122.41520664516847, 37.80918448683573], [-122.41520655656791, 37.809184927164154], [-122.41520645999589, 37.80918536672088], [-122.4152063531352, 37.809185803740924], [-122.41520623605567, 37.80918624092705], [-122.41520610982285, 37.809186675558095], [-122.41520597443686, 37.80918710763416], [-122.41520582994409, 37.80918753895693], [-122.41520567516277, 37.80918796774305], [-122.41520551009272, 37.80918839399261], [-122.41520533700492, 37.80918881766882], [-122.41520515478703, 37.809189239690845], [-122.41520496341597, 37.80918965915787], [-122.41520476173304, 37.80919007518755], [-122.41520455089695, 37.80919048866213], [-122.41520433204302, 37.80919089956337], [-122.4152041040126, 37.80919130700873], [-122.41520386680578, 37.80919171099829], [-122.41520362044567, 37.809192112432775], [-122.41520336602129, 37.80919250949221], [-122.41520310242053, 37.80919290309585], [-122.41520282964329, 37.8091932932436], [-122.41520254996045, 37.809193679898684], [-122.41520225994252, 37.809194062215504], [-122.41520196188347, 37.8091944410581], [-122.41520165687237, 37.809194814606315], [-122.4152013426849, 37.80919518469866], [-122.41520102040985, 37.80919554951513], [-122.4152006900938, 37.8091959108573], [-122.41520035284896, 37.809196267805916], [-122.41520000635789, 37.809196618596204], [-122.41519965293801, 37.80919696499294], [-122.41519929147704, 37.809197307915454], [-122.41519892417628, 37.80919764462425], [-122.41519854762932, 37.80919797517476], [-122.41519816417686, 37.80919830223259], [-122.41519777488442, 37.80919862307672], [-122.4151973775045, 37.80919893864499], [-122.41519697314928, 37.80919924801801], [-122.41519656186517, 37.80919955299746], [-122.41519614587673, 37.809199851744786], [-122.4151957217775, 37.809200144315454], [-122.41519529070298, 37.80920043069087], [-122.41519485381188, 37.80920071175347], [-122.41519441108079, 37.80920098660237], [-122.4151939625099, 37.80920125523767], [-122.41519350809915, 37.80920151765934], [-122.41519304784856, 37.80920177386731], [-122.41519258287025, 37.80920202294245], [-122.41519211093987, 37.80920226672312], [-122.41519163425865, 37.809202502470114], [-122.41519115289614, 37.80920273288579], [-122.41519066680601, 37.80920295616861], [-122.41519017485284, 37.809203172336915], [-122.41518967819518, 37.8092033822732], [-122.4151891779452, 37.80920358505807], [-122.41518867296766, 37.809203780709936], [-122.4151881643979, 37.80920396921058], [-122.41518765110042, 37.80920415057828], [-122.41515157073657, 37.80923082020975], [-122.41517174537078, 37.8092440170788], [-122.41519463836627, 37.809227761490384], [-122.4154128829996, 37.8093634228411], [-122.41537018510526, 37.80940665882348], [-122.41514223979715, 37.80926496810295], [-122.41515656481445, 37.809254796937665], [-122.41513905202348, 37.80924007435091], [-122.41513150354898, 37.809245653755156], [-122.41504018515752, 37.80918611827175], [-122.41488924227505, 37.80924145392806], [-122.41497780368385, 37.80929407333919], [-122.41496888290808, 37.80930352408554], [-122.41499362199146, 37.809317879729626], [-122.41500686474947, 37.80930441510716], [-122.41522247561606, 37.809437896283576], [-122.41517988495345, 37.80948119984585], [-122.41496427517318, 37.80934771857417], [-122.41498051315442, 37.809331207895646], [-122.41495821954649, 37.80931482086695], [-122.41495290446633, 37.80932045231531], [-122.41484638737674, 37.8092571647845], [-122.41478040580614, 37.80928135297476], [-122.41477522160585, 37.809371861020736], [-122.41534085753831, 37.80975481141374], [-122.4152887281447, 37.80983799438542], [-122.414563097573, 37.809564305662434], [-122.41402409716949, 37.809471419184156], [-122.41342042299941, 37.80923588871596], [-122.4133739175458, 37.80931795129911], [-122.41339615695392, 37.809338022748015], [-122.41341083921957, 37.8093506934909], [-122.41342579901398, 37.80936315785835], [-122.41344102947798, 37.809375414159135], [-122.41345652822476, 37.80938745792584], [-122.413472289461, 37.809399284746306], [-122.41348830741649, 37.80941089110912], [-122.41350457863858, 37.80942227526781], [-122.41352109844608, 37.80943343189111], [-122.4135378610689, 37.80944435746742], [-122.41355486076007, 37.809455049386486], [-122.41357209402048, 37.8094655041], [-122.41358955396753, 37.809475719015886], [-122.41360723596661, 37.80948569060455], [-122.41362513427076, 37.8094954162553], [-122.41428150511112, 37.80994603938908], [-122.41420087468957, 37.8100221989882], [-122.41402690198723, 37.810139170651], [-122.41378022283908, 37.80990739264113], [-122.41385653706625, 37.80984608232275], [-122.41261670889998, 37.80907857557682], [-122.41249838224657, 37.809065524386625], [-122.41239783827376, 37.80911940871581], [-122.41239828534209, 37.80912084520551], [-122.41239851679359, 37.80912167236851], [-122.41239873014776, 37.80912250252852], [-122.412398924269, 37.809123335704], [-122.4123991002698, 37.80912417097578], [-122.41239925817317, 37.80912500924459], [-122.41239939793272, 37.80912584870882], [-122.41239951959504, 37.80912669117018], [-122.41239962081943, 37.80912753396278], [-122.41239970505858, 37.80912837883333], [-122.41239977001858, 37.809129224917754], [-122.41239981678847, 37.80913007039586], [-122.41239984543768, 37.80913091797016], [-122.41239985478447, 37.80913176585752], [-122.41239984478239, 37.80913261225619], [-122.41239981777207, 37.80913345983182], [-122.4123997714128, 37.809134305918825], [-122.41239970572795, 37.80913515141793], [-122.41239962185286, 37.80913599631079], [-122.41239951976443, 37.80913683969655], [-122.41239939946252, 37.80913768157527], [-122.41239925981183, 37.80913852196529], [-122.4123991019245, 37.80913935994736], [-122.41239892580047, 37.80914019552144], [-122.41239873143991, 37.80914102868768], [-122.41239851768414, 37.80914185856359], [-122.41239828796252, 37.809142685994686], [-122.41239803884562, 37.80914351013545], [-122.41239777031042, 37.80914433008502], [-122.41239748465068, 37.80914514670745], [-122.41239718184343, 37.8091459591019], [-122.4123968618653, 37.8091467663674], [-122.41239652249199, 37.80914757034262], [-122.41239616594781, 37.80914836918902], [-122.41239579223291, 37.80914916290658], [-122.41239540021174, 37.80914995151363], [-122.41239499213196, 37.8091507340727], [-122.4123945668814, 37.809151511502854], [-122.41239412327815, 37.80915228202098], [-122.41239366361637, 37.809153046490884], [-122.41239318789601, 37.80915380491282], [-122.41239269382305, 37.80915455642263], [-122.4123921848269, 37.809155301865964], [-122.41239165856713, 37.8091560385771], [-122.41239111738417, 37.80915676922174], [-122.41239055896091, 37.80915749203496], [-122.41238998554482, 37.80915820607931], [-122.41238939604695, 37.80915891317461], [-122.41238879155627, 37.809159611501045], [-122.41238817093746, 37.80916030107677], [-122.41238753532595, 37.809160981883515], [-122.412386885857, 37.809161653902876], [-122.41238622139537, 37.80916231715326], [-122.41238554194103, 37.80916297163462], [-122.41238484858286, 37.809163615526884], [-122.4123841402088, 37.80916424974931], [-122.41238341911281, 37.809164875165926], [-122.41238268411311, 37.80916548999347], [-122.41238193518647, 37.809166093330994], [-122.41238117353802, 37.80916668786279], [-122.412380399098, 37.809167270886284], [-122.4124264055279, 37.809216602448004], [-122.41243530329065, 37.80921105271013], [-122.41244988439496, 37.80921244025492], [-122.4126291685596, 37.80939341772602], [-122.41257473752324, 37.80942735860576], [-122.41239545340942, 37.809246381053065], [-122.41239720116172, 37.80923481181475], [-122.41241279105131, 37.80922509091063], [-122.41236619350188, 37.80917512456312], [-122.41236484276654, 37.80917564843884], [-122.41236387390309, 37.80917600390486], [-122.41236289674347, 37.809176345987225], [-122.41236191242312, 37.809176674667505], [-122.41236092094206, 37.8091769899458], [-122.41235992230038, 37.80917729182195], [-122.4123589187224, 37.80917757845764], [-122.4123579068714, 37.80917785261041], [-122.41235689121963, 37.809178111504295], [-122.41235586840722, 37.80917835699615], [-122.41235484068172, 37.809178588148306], [-122.41235380917861, 37.809178804942235], [-122.412352771627, 37.809179007414976], [-122.41235173029777, 37.80917919552956], [-122.41235068519096, 37.80917936928598], [-122.41234963628344, 37.809179527783485], [-122.41234858362144, 37.80917967282373], [-122.41234752829403, 37.80917980258652], [-122.41234647032455, 37.809179917972884], [-122.41234541084826, 37.80918001896419], [-122.41234434757126, 37.80918010469666], [-122.4123432839461, 37.809180176916485], [-122.41234221763243, 37.809180232958205], [-122.41234115094738, 37.80918027458651], [-122.41234008389117, 37.809180301801504], [-122.41233901646365, 37.809180314603104], [-122.41233794861844, 37.80918031118969], [-122.41233688042506, 37.80918029426378], [-122.4123358141082, 37.8091802619869], [-122.41233474741998, 37.809180215296564], [-122.41233368147276, 37.8091801532737], [-122.41233261856058, 37.80918007678227], [-122.41233155641252, 37.80917998585904], [-122.41233049729952, 37.809179880467205], [-122.4123294400629, 37.80917975972439], [-122.41232838586137, 37.80917962451296], [-122.41232733469474, 37.809179474832995], [-122.41232628658656, 37.8091793115852], [-122.41232524260224, 37.80917913204883], [-122.41232420283494, 37.809178939827056], [-122.41232316835037, 37.80917873219914], [-122.41232213690076, 37.80917851010256], [-122.41232111191569, 37.80917827438301], [-122.4123200911012, 37.80917802417648], [-122.41231907672801, 37.80917775944613], [-122.41231806768401, 37.80917748111125], [-122.41231706510447, 37.809177189153345], [-122.41231606898955, 37.809176883572476], [-122.41231508045144, 37.80917656344941], [-122.41231409837785, 37.809176229703304], [-122.41231312392745, 37.809175883216625], [-122.41231215707708, 37.80917552308863], [-122.41231119896221, 37.80917514930078], [-122.4123102495827, 37.80917476185314], [-122.41230930784967, 37.809174362565805], [-122.41230837485209, 37.80917394961869], [-122.41230745172531, 37.80917352299329], [-122.41230653851588, 37.80917308449139], [-122.41230563406505, 37.80917263323059], [-122.41230474066698, 37.80917217007472], [-122.41230385716301, 37.80917169414152], [-122.41230298357621, 37.80917120633183], [-122.4123021221545, 37.80917070570792], [-122.41209723407762, 37.8092805109934], [-122.41209772755333, 37.80928189716524], [-122.41209799280998, 37.80928271386737], [-122.41209823999239, 37.80928353446728], [-122.4120984690773, 37.80928435806427], [-122.41209868008815, 37.809285185559105], [-122.41209887295503, 37.80928601424936], [-122.41209904774773, 37.809286846837374], [-122.41209920328447, 37.80928768154007], [-122.41209934067723, 37.809288517438134], [-122.41209945997268, 37.809289356333146], [-122.41209956110106, 37.80929019552283], [-122.41209964297337, 37.809291036827005], [-122.41209970667869, 37.80929187842576], [-122.41209975224011, 37.809292721219805], [-122.41209977849907, 37.80929356432692], [-122.41209978659101, 37.809294407728515], [-122.41209977651589, 37.80929525142454], [-122.41209974825057, 37.80929609451437], [-122.41209970068286, 37.809296937917125], [-122.41209963374295, 37.80929777893026], [-122.41209954977144, 37.80929862021958], [-122.41209944645115, 37.80929946002007], [-122.41209932602958, 37.809300297394266], [-122.41209918514689, 37.80930113419899], [-122.41209902716301, 37.80930196857728], [-122.4120988509193, 37.80930279964677], [-122.41209865532664, 37.80930362922759], [-122.41209844260965, 37.80930445548114], [-122.41209821165596, 37.80930527932671], [-122.41209796241927, 37.809306098962644], [-122.41209769492269, 37.80930691528978], [-122.4120974091663, 37.80930772830813], [-122.41209710623899, 37.809308536197534], [-122.4120967861873, 37.80930934075976], [-122.41209644782948, 37.80931014021149], [-122.41209609118847, 37.80931093545364], [-122.41209571848886, 37.809311724647635], [-122.41209532750634, 37.809312509631944], [-122.41209491932969, 37.80931328858659], [-122.41209449395905, 37.80931406151152], [-122.4120940525531, 37.809314829289086], [-122.41209359392974, 37.80931559013618], [-122.41209311811257, 37.80931634495348], [-122.41209262619027, 37.80931709192099], [-122.4120921182094, 37.80931783284049], [-122.41209159301131, 37.80931856682927], [-122.4120910528437, 37.80931929294998], [-122.41209049659429, 37.80932001212165], [-122.41208992421679, 37.809320722542736], [-122.41208933689276, 37.80932142599641], [-122.41208873344063, 37.80932212069947], [-122.41208811499575, 37.809322806633475], [-122.41208748155812, 37.80932348379845], [-122.41208683315095, 37.80932415309524], [-122.41208617086329, 37.809324812703714], [-122.41208549355952, 37.80932546264231], [-122.41208480239864, 37.80932610379349], [-122.41208409735715, 37.80932673525635], [-122.41208337727646, 37.8093273561486], [-122.41208264445076, 37.80932796733406], [-122.41208189887998, 37.809328568812816], [-122.41208114054088, 37.809329159684104], [-122.41208036827497, 37.80932973906542], [-122.41207958324067, 37.80933030783914], [-122.41207878309767, 37.809330863339746], [-122.41212450439936, 37.80937988962234], [-122.41213340338606, 37.80937434169072], [-122.41214798449359, 37.809375728371876], [-122.41231522461345, 37.80956183840411], [-122.41225344660143, 37.80959680937802], [-122.41209355325023, 37.80940966902976], [-122.4120953010535, 37.80939809979619], [-122.41211089101691, 37.80938837893226], [-122.41206455292118, 37.80933869124244], [-122.41206271811633, 37.80933934102092], [-122.41206173145198, 37.809339667032965], [-122.41206073873927, 37.80933997872382], [-122.41205974000135, 37.809340276994135], [-122.41205873294409, 37.80934056097989], [-122.41205772099697, 37.80934083152679], [-122.41205670300147, 37.80934108775241], [-122.41205568009295, 37.80934132963833], [-122.41205465113603, 37.809341557202885], [-122.41205361728927, 37.80934177132858], [-122.41205257964175, 37.8093419701952], [-122.41205153708127, 37.80934215472222], [-122.41205049076646, 37.80934232579189], [-122.4120494417863, 37.80934248158424], [-122.41204838786999, 37.809342622136], [-122.41204733247012, 37.809342749193675], [-122.41204627440504, 37.809342860973956], [-122.41204521256239, 37.80934295839606], [-122.41204415034844, 37.80934304140485], [-122.41204308546932, 37.809343109136265], [-122.41204202019559, 37.80934316155354], [-122.41204095230313, 37.80934320049505], [-122.41203988515164, 37.80934322410394], [-122.41203881762893, 37.809343233299515], [-122.41203774971169, 37.809343227180904], [-122.41203668255875, 37.80934320663056], [-122.41203561501136, 37.80934317076598], [-122.41203454936367, 37.80934312045121], [-122.41203348448018, 37.80934305570472], [-122.41203242147316, 37.809342975607215], [-122.41203136038897, 37.809342881960376], [-122.41203030115803, 37.809342772061704], [-122.41202924385, 37.80934264861365], [-122.41202819071258, 37.80934251067863], [-122.41202714058697, 37.809342357374284], [-122.41202609349644, 37.80934218960129], [-122.41202505059974, 37.8093420082421], [-122.41202401185035, 37.80934181149522], [-122.41202297729465, 37.80934160116213], [-122.41202194688637, 37.80934137544121], [-122.41202092294263, 37.80934113609732], [-122.41201990432819, 37.80934088314883], [-122.41201889101968, 37.809340615695056], [-122.41201788304038, 37.80934033463665], [-122.41201688263791, 37.80934003903608], [-122.41201588756466, 37.809339729830896], [-122.41201490122698, 37.809339406966004], [-122.4120139213539, 37.80933907047809], [-122.41201294794546, 37.80933872036723], [-122.41201198327245, 37.8093383565966], [-122.41201102735819, 37.80933798006706], [-122.41201007904407, 37.80933758989611], [-122.41200913948859, 37.80933718696629], [-122.41200820869194, 37.809336771277415], [-122.41200728778935, 37.809336342811264], [-122.41200637675773, 37.809335900666916], [-122.41200547453124, 37.80933544756525], [-122.41200458331112, 37.80933498076706], [-122.41200370200842, 37.80933450209233], [-122.4120028317353, 37.80933401062182], [-122.41200197140274, 37.80933350817564], [-122.41200112325842, 37.80933299381617], [-122.41200368865269, 37.80932842634971], [-122.4118948921719, 37.80938895075836], [-122.41286197674003, 37.81052225430033], [-122.41271809817646, 37.81059944492503], [-122.41270537711077, 37.81058442077441], [-122.4115096423134, 37.811237596370546], [-122.4114889123442, 37.81121919438353], [-122.41268655796486, 37.8105621948122], [-122.41145299895771, 37.80910529457238], [-122.41142370062335, 37.80911889102243], [-122.41124858148541, 37.80892028599669], [-122.41109558755333, 37.80889797200173], [-122.41108606091275, 37.80890742325312], [-122.41128342314747, 37.809135110589466], [-122.41125643616839, 37.8091494941479], [-122.41103089089422, 37.80888972343849], [-122.41102734271703, 37.808903727156604], [-122.41095279929198, 37.80889253793779], [-122.41095443328516, 37.808880115318395], [-122.4107660815054, 37.808850626083334], [-122.41073666319794, 37.808846454247586], [-122.41073148093766, 37.80887288057333], [-122.41064912467142, 37.80886181773788], [-122.41065235288018, 37.8088354230721], [-122.4105463047943, 37.80881892035536], [-122.41044219560095, 37.80932538979967], [-122.41041002583624, 37.809290270742245], [-122.41049930816708, 37.808811606814714], [-122.41049150620029, 37.808810393098085], [-122.41040188356601, 37.809312119084815], [-122.41063104526516, 37.80971703350725], [-122.41070882641306, 37.80968932383639], [-122.41063252748413, 37.80955482686681], [-122.41064831028976, 37.809549191865294], [-122.41071499120986, 37.80966673337014], [-122.41072873836946, 37.809670892341025], [-122.41075641075419, 37.809661104790244], [-122.4107616334081, 37.80965023630117], [-122.41071236550856, 37.80956339181326], [-122.4107281494223, 37.809557755881954], [-122.41077744122796, 37.80964464593797], [-122.41079118836376, 37.80964880400077], [-122.41082281069279, 37.80963761864975], [-122.41082803335851, 37.80962675105858], [-122.41077800502278, 37.809538565299526], [-122.41079363190619, 37.809532654330624], [-122.41084384114518, 37.809621159785564], [-122.41085758828038, 37.8096253178406], [-122.41088833711297, 37.80961444312187], [-122.41089355974438, 37.80960357462686], [-122.4108427805185, 37.80951406546677], [-122.4108584073916, 37.80950815448933], [-122.41090936752111, 37.80959798334511], [-122.41092311467895, 37.8096021422934], [-122.4109511629813, 37.80959222153466], [-122.41095638446645, 37.80958135305523], [-122.41090488644596, 37.809490575848756], [-122.41092051330921, 37.809484664862964], [-122.4109721933924, 37.80957576264744], [-122.41098594052634, 37.809579920687554], [-122.41102494719149, 37.80956612378845], [-122.41103016982268, 37.8095552561882], [-122.41097782570544, 37.80946298770076], [-122.41099345258034, 37.809457077606176], [-122.41104597757882, 37.80954966488802], [-122.41105972473537, 37.80955382382042], [-122.41108943335645, 37.809543315572604], [-122.41109465595332, 37.80953244706861], [-122.41104157285251, 37.80943887661817], [-122.41105719971726, 37.8094329665151], [-122.4111946132557, 37.80967518586246], [-122.41117894234506, 37.80968101919252], [-122.41111566147616, 37.80956947356786], [-122.41110193336196, 37.809565348579305], [-122.41105540667073, 37.809582003427785], [-122.41105020308969, 37.80959290496645], [-122.41111392057896, 37.809705220392544], [-122.41109824963233, 37.80971105281105], [-122.41103442744249, 37.809598552522935], [-122.41102069932742, 37.80959442752495], [-122.4109828719755, 37.809607969197195], [-122.41097766835875, 37.80961886983179], [-122.41104186887463, 37.809732037222766], [-122.41102524831904, 37.809738223873005], [-122.41096093712527, 37.80962486000055], [-122.41094720900944, 37.80962073499403], [-122.41091274811284, 37.80963307035198], [-122.41090754450718, 37.80964397188431], [-122.41097221257161, 37.80975796355273], [-122.41095654162604, 37.80976379685316], [-122.41089176883837, 37.80964961942166], [-122.4108780407218, 37.8096454944071], [-122.41083993080196, 37.80965913704009], [-122.41083472718397, 37.80967003856916], [-122.41089988063565, 37.80978488577029], [-122.41088420854317, 37.80979071907947], [-122.41081895036857, 37.80967568611513], [-122.4108052222512, 37.80967156109213], [-122.41076947144765, 37.80968435889834], [-122.41076426781737, 37.809695260424185], [-122.41082989004303, 37.80981093548908], [-122.41081421907498, 37.80981676877054], [-122.41074849099134, 37.80970090796068], [-122.41073476287323, 37.80969678292951], [-122.41063898758014, 37.80973106735614], [-122.41089778175525, 37.81018833465444], [-122.41097630605245, 37.810159692640234], [-122.41090106708181, 37.81003049039737], [-122.41091682023706, 37.810024803572034], [-122.41098426171186, 37.810140614899346], [-122.4109980690821, 37.81014468184234], [-122.41103968776888, 37.81012965843279], [-122.41104478372982, 37.81011876675098], [-122.41097734218044, 37.81000295545773], [-122.41099309643626, 37.80999726770297], [-122.41106053802821, 37.810113079888154], [-122.411074346533, 37.81011714680384], [-122.4111122916555, 37.8101034490923], [-122.41111738760401, 37.81009255740732], [-122.41104994596512, 37.80997674615507], [-122.41106570023307, 37.8099710592914], [-122.41113314189128, 37.810086870534754], [-122.41114695039518, 37.810090937441956], [-122.41118972485687, 37.810075496014136], [-122.41119482081523, 37.81006460522657], [-122.41112737905782, 37.8099487931171], [-122.41114313331383, 37.80994310624305], [-122.41121057506743, 37.810058917442824], [-122.41122438245816, 37.810062985260195], [-122.41125749927501, 37.810051030276966], [-122.41126259633396, 37.810040138567125], [-122.41119515451626, 37.809924327396764], [-122.4112109087387, 37.809918639612754], [-122.41127834946363, 37.81003445169354], [-122.41129215796568, 37.810038518583774], [-122.41133261055039, 37.810023915905354], [-122.41133770759653, 37.81001302419228], [-122.4112702656631, 37.80989721216341], [-122.41128601989723, 37.80989152527022], [-122.41135346182685, 37.81000733638933], [-122.41136726921572, 37.81001140419009], [-122.4114003938652, 37.809999446335254], [-122.41140549089971, 37.80998855461921], [-122.411338048906, 37.80987274352942], [-122.41135380199421, 37.809867056645544], [-122.41142124400744, 37.80998286772646], [-122.4114350525077, 37.80998693460002], [-122.41147164694864, 37.80997372458583], [-122.41147674394774, 37.80996283196585], [-122.41140930186626, 37.80984702091616], [-122.41142505494365, 37.80984133402275], [-122.41149249706784, 37.80995714596437], [-122.4115063055672, 37.80996121282959], [-122.41154753348016, 37.80994632894945], [-122.41155263048947, 37.80993543722695], [-122.4114851883145, 37.809819626220055], [-122.41150094251567, 37.80981393929807], [-122.41156838471005, 37.809929750296085], [-122.41158219207318, 37.809933817170865], [-122.411618592881, 37.80992067693798], [-122.41162368990132, 37.80990978611317], [-122.41155624761561, 37.80979397424553], [-122.4115720018059, 37.809788287314035], [-122.41163944408781, 37.809904098271915], [-122.41165325147317, 37.80990816603927], [-122.4116908080855, 37.80989460781387], [-122.41169590507019, 37.80988371608499], [-122.41162846269543, 37.809767904258145], [-122.41164421687478, 37.80976221731699], [-122.41171165926885, 37.80987802913503], [-122.41172546776552, 37.80988209597466], [-122.41175887815173, 37.80987003425241], [-122.41176397514798, 37.80985914342143], [-122.411696574309, 37.809743403956325], [-122.41171228685826, 37.80973764468262], [-122.41188065991489, 37.81002677319694], [-122.41186490569761, 37.8100324601694], [-122.41178308827389, 37.809891964793735], [-122.41176928090755, 37.80988789794236], [-122.41172486911803, 37.809903930281635], [-122.41171977213618, 37.809914822011656], [-122.4118015894653, 37.81005531743071], [-122.4117858352359, 37.81006100439258], [-122.41170401793035, 37.809920508962755], [-122.41169021056314, 37.80991644210223], [-122.41164985040226, 37.809931011865324], [-122.41164475454305, 37.809941903573645], [-122.41172657062454, 37.810082399062416], [-122.41171081751918, 37.81008808599585], [-122.41162899919023, 37.809947590533085], [-122.41161519182197, 37.80994352366382], [-122.41156817114263, 37.809960497635345], [-122.41156307526931, 37.809971389340156], [-122.41164489236434, 37.81011188486632], [-122.41162913811085, 37.81011757180721], [-122.41154732103946, 37.80997707627026], [-122.41153351253492, 37.80997300940977], [-122.41149064590866, 37.809988484000804], [-122.4114855488866, 37.80999937572052], [-122.41156736586568, 37.81013987129974], [-122.41155161162364, 37.810145559131115], [-122.41146979464482, 37.81000506264025], [-122.4114559872747, 37.81000099575237], [-122.41141408289111, 37.81001612307484], [-122.41140898583276, 37.81002701389039], [-122.4114908027207, 37.81016751042286], [-122.41147504844363, 37.8101731973431], [-122.41139323160253, 37.81003270170066], [-122.41137942423147, 37.810028634803864], [-122.41133259702565, 37.81004553885459], [-122.41132749997642, 37.81005643056737], [-122.4114093167194, 37.81019692625469], [-122.41139356242985, 37.81020261316402], [-122.41131174571052, 37.810062117465925], [-122.41129793833845, 37.8100580505596], [-122.41125352634538, 37.81007408272078], [-122.4112484292827, 37.8100849744301], [-122.4113302459074, 37.81022547017158], [-122.41131449160582, 37.810231157070326], [-122.41123267613997, 37.81009066129967], [-122.41121886763153, 37.81008659440249], [-122.41118092253731, 37.81010029214835], [-122.41117582546217, 37.81011118385448], [-122.41125764200156, 37.81025168054643], [-122.41124188768886, 37.81025736743544], [-122.41116007119611, 37.81011687163351], [-122.41114626379907, 37.81011280380864], [-122.41110812396079, 37.81012657137575], [-122.41110302687318, 37.81013746307866], [-122.41118484330386, 37.810277959820425], [-122.41116909011532, 37.810283646681285], [-122.41108727373148, 37.81014315082963], [-122.41107346519802, 37.81013908301458], [-122.41102248490222, 37.81015748715747], [-122.41101738777674, 37.81016837795573], [-122.41109920407933, 37.81030887475607], [-122.4110834508778, 37.81031456160545], [-122.41100366455295, 37.810177552930284], [-122.41098981910261, 37.810173419014106], [-122.41090605378693, 37.81020294983123], [-122.41121583731976, 37.81075030165011], [-122.41130627369415, 37.81071782821309], [-122.41121520592591, 37.81055841907936], [-122.41123100438074, 37.81055281168773], [-122.4113115720752, 37.810693841365605], [-122.41132533938642, 37.81069798011655], [-122.41136651672485, 37.81068336478785], [-122.41137170870401, 37.81067249677075], [-122.4112911408952, 37.8105314662325], [-122.41130694047388, 37.81052585881218], [-122.41138980891576, 37.81067091741376], [-122.41140357625027, 37.81067505705648], [-122.41152379757628, 37.81063238480351], [-122.41152898950558, 37.81062151587852], [-122.41144612087022, 37.810476458274245], [-122.41146191926688, 37.81047084995062], [-122.41154248731104, 37.81061187947304], [-122.41155625464322, 37.81061601909799], [-122.41167669754596, 37.81057326829417], [-122.41168188947191, 37.81056240026312], [-122.41160132119347, 37.810421369933785], [-122.41161712072531, 37.81041576247189], [-122.41169768900448, 37.810556791889695], [-122.41171145519958, 37.81056093151491], [-122.41173948598468, 37.81055098201988], [-122.4117457869095, 37.81053977427812], [-122.4116856633262, 37.810391433643126], [-122.41170155738853, 37.81038579219386], [-122.41176486025482, 37.81054197588685], [-122.41183067548748, 37.81051861492413], [-122.41176459443963, 37.81036341806058], [-122.411780464831, 37.81035778419384], [-122.41184654479478, 37.81051298196795], [-122.41191604871598, 37.81048831208633], [-122.41192124057777, 37.81047744314376], [-122.41184067196008, 37.81033641387648], [-122.41185647143256, 37.810330805481534], [-122.4119354330125, 37.810469022879516], [-122.41192169664458, 37.81030540557766], [-122.41193896652611, 37.81030449297197], [-122.41195328944033, 37.81047509325236], [-122.41207235975928, 37.81043283021232], [-122.41207755159441, 37.810421961262755], [-122.41199698271672, 37.810280931199955], [-122.41201099459315, 37.810275469821505], [-122.41211562207185, 37.81045533680338], [-122.41209985707529, 37.81046100505493], [-122.4120976611109, 37.81045716004566], [-122.41208389491352, 37.810453020465374], [-122.41122262071299, 37.8107622868651], [-122.4113230355407, 37.81093970840221], [-122.41124526554344, 37.81111676134569], [-122.41094981284536, 37.81122059523622], [-122.41092936361956, 37.81127924383222], [-122.4106819580138, 37.811367010446254], [-122.41061437583782, 37.81135287660781], [-122.41041898864474, 37.81142080429418], [-122.41041523834299, 37.811414426799146], [-122.41014891533524, 37.811506055763466], [-122.40851249026392, 37.81128400680907], [-122.40757815219062, 37.80880347732785], [-122.40757804393596, 37.80880328712115], [-122.40757797949765, 37.80880316650012], [-122.40757791841934, 37.8088030440223], [-122.40757785847654, 37.80880292152612], [-122.40757780305238, 37.80880279805568], [-122.40757774874037, 37.80880267366598], [-122.40757769783474, 37.808802549221255], [-122.40757765031229, 37.80880242382056], [-122.407577603902, 37.8088022975007], [-122.40757756201043, 37.80880217020648], [-122.40757752241281, 37.808802043776424], [-122.40757748503981, 37.80880191550794], [-122.40757745107298, 37.80880178718444], [-122.40757741935403, 37.80880165792325], [-122.40757739104127, 37.80880152860705], [-122.4075773649994, 37.808801399254115], [-122.40757734234076, 37.8088012689452], [-122.40757732195296, 37.808801138599556], [-122.40757730610682, 37.80880100818053], [-122.4075772913962, 37.80880087774307], [-122.40757728006864, 37.80880074634977], [-122.4075772721706, 37.80880061580212], [-122.4075772665202, 37.808800484316926], [-122.40757726314072, 37.80880035279501], [-122.40757726432618, 37.808800222100515], [-122.40757726662382, 37.80880009048677], [-122.40757727235095, 37.80879995971874], [-122.40757728146129, 37.80879982799481], [-122.40757729400094, 37.80879969711667], [-122.40757730883472, 37.808799567102604], [-122.40757732591618, 37.808799436150935], [-122.40757734642706, 37.808799306045046], [-122.40757736920884, 37.80879917590244], [-122.40757739542008, 37.80879904660554], [-122.4075774250376, 37.80879891725354], [-122.40757745579054, 37.808798787883184], [-122.40757749113153, 37.80879866024108], [-122.40757752874337, 37.808798532562214], [-122.40757756862608, 37.80879840484656], [-122.40757761080283, 37.808798277995066], [-122.40757765754445, 37.808798151971004], [-122.40757770658, 37.80879802681101], [-122.40757775788651, 37.80879790161428], [-122.40757781151017, 37.80879777818246], [-122.4075778685401, 37.8087976546956], [-122.40757792786407, 37.80879753207283], [-122.407577989482, 37.80879741031415], [-122.40757805452945, 37.80879728940117], [-122.40757812187087, 37.808797169352346], [-122.40757819266489, 37.808797051050135], [-122.40757826459438, 37.80879693272947], [-122.40757834111186, 37.80879681613711], [-122.40757841878789, 37.80879670042715], [-122.40757849875799, 37.80879658558133], [-122.40757858218065, 37.80879647248209], [-122.40757866673871, 37.80879635936444], [-122.40757875474948, 37.80879624799345], [-122.40757884507734, 37.80879613838734], [-122.40757893769913, 37.80879602964533], [-122.40757903377362, 37.808795922649914], [-122.40757913100666, 37.80879581653702], [-122.40757923053371, 37.80879571128812], [-122.40757933240103, 37.80879560870507], [-122.40757943653934, 37.808795506085225], [-122.40757954299467, 37.80879540523042], [-122.4075796517904, 37.80879530704131], [-122.4075797628801, 37.808795209716365], [-122.40757987626382, 37.80879511325548], [-122.40757999085241, 37.808795019478744], [-122.40758010773503, 37.80879492656616], [-122.40758022693473, 37.80879483541847], [-122.40758034845175, 37.808794746035744], [-122.40758047115034, 37.808794658436334], [-122.40758059616611, 37.80879457260182], [-122.4075807234992, 37.80879448853228], [-122.40758085201388, 37.808794406245994], [-122.40758098282258, 37.80879432482385], [-122.40758111483623, 37.808794246085846], [-122.407581249167, 37.80879416911282], [-122.40758138467943, 37.808794093923055], [-122.40758152137357, 37.8087940205166], [-122.40758166040816, 37.80879394977592], [-122.40758180173667, 37.80879387989931], [-122.40758194313463, 37.80879381272529], [-122.40758208684977, 37.808793747316166], [-122.40758223061113, 37.808793683708736], [-122.40758237784831, 37.80879362274864], [-122.40758252399638, 37.80879356360867], [-122.4075826735738, 37.8087935053144], [-122.40758282324391, 37.80879345062349], [-122.40758297523104, 37.8087933976975], [-122.40758312726463, 37.80879334657313], [-122.40758328047981, 37.80879329723211], [-122.40758343487678, 37.80879324967443], [-122.40758359050176, 37.808793205701654], [-122.40758374728537, 37.80879316261142], [-122.40758390527382, 37.80879312220533], [-122.40758406333175, 37.80879308450166], [-122.40758422257133, 37.8087930485814], [-122.40758438185722, 37.808793014462765], [-122.40758454234803, 37.808792983028255], [-122.40758470402046, 37.80879295337708], [-122.40758486576243, 37.808792926428325], [-122.40758502757384, 37.808792902182155], [-122.40758519054378, 37.80879287881844], [-122.40758535474183, 37.80879285903972], [-122.40758551785065, 37.808792841081], [-122.40758568327666, 37.80879282488725], [-122.40758584763664, 37.80879281141436], [-122.407586012043, 37.808792799743095], [-122.40758617651872, 37.8087927907744], [-122.40758634219935, 37.80879278448984], [-122.40758650792628, 37.808792780006904], [-122.40758667258726, 37.808792778244914], [-122.40758683842994, 37.80879277826609], [-122.40758700431891, 37.80879278008906], [-122.40758716916497, 37.8087927855337], [-122.40758733405742, 37.80879279278002], [-122.40758749899608, 37.808792801827956], [-122.40758766400427, 37.80879281357848], [-122.40758782905864, 37.80879282713063], [-122.40758799304717, 37.80879284340363], [-122.40758815710505, 37.80879286237922], [-122.40758832005066, 37.80879288227389], [-122.40758848308887, 37.808792905771966], [-122.40758864503786, 37.80879293109003], [-122.40758880703325, 37.80879295820984], [-122.40758896796261, 37.80879298805047], [-122.40758912893824, 37.80879301969277], [-122.40758928884793, 37.80879305405596], [-122.40758944653301, 37.80879309025756], [-122.40758960542301, 37.80879312914322], [-122.40758976208834, 37.808793169867386], [-122.40758991882319, 37.80879321329398], [-122.40759007444579, 37.80879325763981], [-122.40759022900234, 37.80879330470651], [-122.40759038249293, 37.80879335449409], [-122.4075905337589, 37.80879340612001], [-122.4075906850712, 37.80879345954762], [-122.40759083529437, 37.8087935147953], [-122.4075909833161, 37.80879357278221], [-122.40759113138412, 37.80879363257081], [-122.40759127722754, 37.80879369419776], [-122.40759142084646, 37.80879375766314], [-122.4075915645348, 37.80879382383101], [-122.40759170599854, 37.808793891837226], [-122.4075918463732, 37.808793961663575], [-122.40759198565864, 37.80879403330992], [-122.40759212271958, 37.80879410679469], [-122.40759225755592, 37.808794182117786], [-122.40759239130304, 37.80879425926096], [-122.40759252282568, 37.808794338242556], [-122.4075926532592, 37.80879441904421], [-122.40759278260353, 37.808794501665844], [-122.40759290861101, 37.80879458704505], [-122.40759303348307, 37.808794672442666], [-122.40759315615368, 37.808794760579495], [-122.40759327659981, 37.80879485055473], [-122.40759339593356, 37.808794941449165], [-122.40759351190732, 37.80879503420037], [-122.40759362681511, 37.808795129672454], [-122.40759373945201, 37.80879522518126], [-122.40759384988756, 37.80879532342931], [-122.40759395921076, 37.80879542259652], [-122.4075940651508, 37.80879552271965], [-122.40759416886635, 37.80879562468126], [-122.4075942703572, 37.80879572848122], [-122.4075943696004, 37.80879583321873], [-122.40759446661907, 37.808795939794656], [-122.40759456138993, 37.808796047308206], [-122.40759465393626, 37.808796156660016], [-122.40759474423493, 37.80879626694951], [-122.40759483115038, 37.80879637819492], [-122.40759491695358, 37.80879649035952], [-122.40759499826136, 37.80879660439915], [-122.40759507843364, 37.80879671845725], [-122.40759515640448, 37.80879683525459], [-122.40759523096911, 37.80879695210702], [-122.40759530330915, 37.8087970707978], [-122.40759537337827, 37.808797189525386], [-122.40759544006427, 37.80879730920878], [-122.40759550452574, 37.808797430730685], [-122.40759556671622, 37.80879755228931], [-122.40759562552365, 37.80879767480378], [-122.40759568208334, 37.80879779825587], [-122.40759603035062, 37.8087972942541], [-122.4085349732871, 37.81126926600884], [-122.41015346789398, 37.811486618646974], [-122.41040638585655, 37.81139937219015], [-122.41039781372426, 37.8113847942854], [-122.41019936756415, 37.81132811315092], [-122.41003386117337, 37.81139670529126], [-122.4100291027607, 37.81142368345247], [-122.4085690857359, 37.8112177064694], [-122.40860441643503, 37.811065254857006], [-122.40862145714748, 37.81106765929433], [-122.40859238628836, 37.811193100409355], [-122.40860073322159, 37.811202645225734], [-122.40864036346126, 37.81120823667661], [-122.40865240677886, 37.81120156749731], [-122.40868055408218, 37.81107599621734], [-122.40870073570565, 37.811078843676746], [-122.40867258957091, 37.81120441494317], [-122.408680995838, 37.81121396960842], [-122.4087226200637, 37.811219841482924], [-122.40873466224036, 37.8112131723136], [-122.40876280940886, 37.81108760101421], [-122.40878299103873, 37.811090448459616], [-122.40875484503863, 37.81121601974539], [-122.4087632513177, 37.81122557440468], [-122.40880253728015, 37.81123111730058], [-122.40881457945137, 37.81122444812311], [-122.40884272648908, 37.81109887680493], [-122.4088629092605, 37.811101724218275], [-122.40883476223269, 37.81122729464042], [-122.40884316852325, 37.811236849293984], [-122.40888089257982, 37.8112421714121], [-122.40889293588131, 37.811235502208355], [-122.40892108165517, 37.81110993089003], [-122.40894126443261, 37.81111277828997], [-122.40891311869181, 37.81123834961297], [-122.40892152383509, 37.81124790337851], [-122.40896512045433, 37.81125405416223], [-122.4089771637502, 37.811247384949816], [-122.40900530938609, 37.811121813611734], [-122.40902549219315, 37.81112466189807], [-122.4089973454317, 37.81125023235847], [-122.40900575288121, 37.81125978698204], [-122.40904231294309, 37.811264944943446], [-122.4090543562338, 37.81125827572322], [-122.40908250174327, 37.81113270436691], [-122.40910268453308, 37.811135551739234], [-122.40907453905666, 37.81126112310021], [-122.4090829453819, 37.811270677736644], [-122.40912574281958, 37.811276715227876], [-122.4091377861048, 37.811270045999095], [-122.40916593147763, 37.811144474623305], [-122.40918611427385, 37.81114732198125], [-122.40915796893397, 37.81127289336187], [-122.40916637413585, 37.81128244801079], [-122.40921112225475, 37.811288760306624], [-122.40922316553416, 37.81128209106922], [-122.40925131190261, 37.8111565196549], [-122.40927149356993, 37.81115936701669], [-122.40924334836997, 37.811284938417394], [-122.40925175471963, 37.81129449304176], [-122.40927974141388, 37.81129844150385], [-122.40929178355324, 37.81129177227781], [-122.40931992980933, 37.81116620084736], [-122.40934011261744, 37.811169048179025], [-122.40931196639433, 37.811294619614166], [-122.40932037273076, 37.81130417333282], [-122.40936512089904, 37.811310486471164], [-122.40937716303259, 37.811303817236364], [-122.40940530914894, 37.81117824578582], [-122.4094254919634, 37.81118109310288], [-122.40939734588024, 37.811306664558195], [-122.409405752229, 37.81131621827073], [-122.40944075158392, 37.811321156246755], [-122.40945279371252, 37.81131448700431], [-122.40948093970488, 37.81118891553597], [-122.40950112252526, 37.811191762840075], [-122.40947297656585, 37.8113173343131], [-122.40948138292566, 37.811326888020304], [-122.40952730540691, 37.81133336683357], [-122.40953934866526, 37.81132669756394], [-122.40956749338042, 37.811201126093614], [-122.40958767620734, 37.81120397338291], [-122.40955953038979, 37.811329544876365], [-122.4095679367852, 37.81133909947812], [-122.40960684663276, 37.81134458871757], [-122.40961888988568, 37.81133791943983], [-122.4096470356061, 37.811212347932404], [-122.40966721728051, 37.81121519432558], [-122.40963907275184, 37.811340766720186], [-122.40964747913557, 37.811350320415436], [-122.40968832715265, 37.81135608375713], [-122.40970037037692, 37.811349413570206], [-122.40972851482846, 37.811223842062], [-122.40974869766774, 37.811226689323746], [-122.40972055213707, 37.81135226175589], [-122.40972895966814, 37.81136181542692], [-122.40976668385159, 37.81136713726162], [-122.40977872595838, 37.81136046798598], [-122.4098068714169, 37.81123489644094], [-122.40982705312686, 37.81123774370765], [-122.40979890883679, 37.81136331523905], [-122.40980731526683, 37.811372869823664], [-122.40984933757268, 37.81137879794209], [-122.40986138080937, 37.81137212863963], [-122.40988952613263, 37.81124655707516], [-122.40990970784883, 37.811249404327704], [-122.40988156369411, 37.81137497587847], [-122.4098899701362, 37.81138453045727], [-122.40993369573405, 37.81139069862338], [-122.40994566258715, 37.81138401883346], [-122.40997262000067, 37.81125837546156], [-122.409990600915, 37.81125873134848], [-122.41003823035958, 37.81135067014929], [-122.41005186911495, 37.811355329326474], [-122.41007949847445, 37.81134688815177], [-122.41008546528965, 37.81133623655533], [-122.41004001308401, 37.811242387096556], [-122.41006029442339, 37.8112368766957], [-122.41011212077686, 37.81134614715235], [-122.41018633244576, 37.81131556944575], [-122.41000238344871, 37.81099976364388], [-122.41001526704055, 37.81093436781607], [-122.41003562020076, 37.810915625597644], [-122.41004556802966, 37.81086906392201], [-122.40995745975101, 37.81085734662207], [-122.40992828230172, 37.81099003375717], [-122.40991123039556, 37.810987681058364], [-122.40993638889267, 37.81087327155257], [-122.40992793312171, 37.81086378446546], [-122.4098866837974, 37.81085826382559], [-122.4098746585127, 37.810865009444825], [-122.40984955488844, 37.810979171116166], [-122.40983250298726, 37.810976818405976], [-122.40986012872298, 37.81085118856158], [-122.40985168214053, 37.81084166076582], [-122.40980644417998, 37.81083541883113], [-122.4097945192528, 37.81084213578087], [-122.40976832064395, 37.810967961493965], [-122.40975126761259, 37.81096560879041], [-122.40977746622622, 37.81083978218015], [-122.40976892847102, 37.81083024233688], [-122.40972494222255, 37.81082417296196], [-122.40971292608195, 37.81083087696082], [-122.40968530008156, 37.810956505870394], [-122.40966824705546, 37.81095415315484], [-122.40969587421925, 37.810828524230885], [-122.40968742652495, 37.8108189964417], [-122.40964601093273, 37.810813281045625], [-122.40963413956992, 37.810820005222546], [-122.40960874439803, 37.81094594225494], [-122.40959169137679, 37.81094358952831], [-122.40961708541808, 37.81081765161718], [-122.40960849524615, 37.810808104500346], [-122.40956366544442, 37.8108019189493], [-122.40955188294328, 37.81080865339492], [-122.40952786706364, 37.810934782564566], [-122.40951081061786, 37.81093242898058], [-122.40953482652571, 37.81080629981434], [-122.40952614633974, 37.810796741532165], [-122.40948161749563, 37.81079059703932], [-122.40946973926243, 37.810797319508325], [-122.40944423782729, 37.810923242901254], [-122.4094271847932, 37.810920889250006], [-122.40945268627962, 37.81079496676161], [-122.40944410183195, 37.81078542044165], [-122.4093998466015, 37.81077931384541], [-122.40938783043879, 37.81078601781121], [-122.40936020390501, 37.81091164664572], [-122.40934315089953, 37.810909293883135], [-122.40937077859671, 37.8107836650342], [-122.40936233208473, 37.810774137203346], [-122.40931901278977, 37.81076815961876], [-122.40930699778018, 37.810774864458864], [-122.40927936995517, 37.81090049239227], [-122.40926231809016, 37.81089813959955], [-122.40928994478452, 37.81077251078773], [-122.4092814982842, 37.81076298295098], [-122.4092345390364, 37.81075650280598], [-122.40922252288566, 37.81076320765585], [-122.40919489608063, 37.81088883645218], [-122.40917784308553, 37.81088648366571], [-122.40920547103076, 37.810760853954115], [-122.40919702340717, 37.81075132612977], [-122.40915347954923, 37.81074531697275], [-122.40914146339296, 37.8107520218144], [-122.40911383645496, 37.810877650592005], [-122.409096783465, 37.810875297793736], [-122.40912441156638, 37.810749669001744], [-122.40911596509001, 37.81074014115311], [-122.40907395451146, 37.81073434326503], [-122.40906193834975, 37.810741048098656], [-122.40903431128129, 37.81086667685783], [-122.40901725943179, 37.81086432402974], [-122.40904488652822, 37.81073869527444], [-122.4090364400632, 37.81072916742015], [-122.40899442949716, 37.81072336950374], [-122.4089824144654, 37.810730074310904], [-122.40895478726655, 37.81085570305171], [-122.40893773428665, 37.81085335023056], [-122.4089653615135, 37.810727721493635], [-122.40895691619544, 37.81071819361519], [-122.40891021123164, 37.81071174887946], [-122.40889819617101, 37.81071845277718], [-122.40887056769846, 37.81084408151698], [-122.40885351585942, 37.81084172866521], [-122.40888114435992, 37.81071609992935], [-122.40887269678305, 37.81070657208169], [-122.40882730280345, 37.81070030796646], [-122.40881528546632, 37.810707011892426], [-122.40878765799316, 37.81083264059471], [-122.4087706061594, 37.81083028773096], [-122.40879823366042, 37.8107046590326], [-122.40878978836645, 37.81069513114223], [-122.40874282806897, 37.81068865081977], [-122.40873081188477, 37.81069535561965], [-122.40870318427302, 37.81082098430242], [-122.40868613242144, 37.81081863052557], [-122.40871376006116, 37.81069300184681], [-122.40870531364382, 37.81068347396867], [-122.40866253592976, 37.81067757029141], [-122.40865051974001, 37.81068427508312], [-122.40862289199654, 37.81080990374734], [-122.40860584017321, 37.81080755085976], [-122.40863346794458, 37.81068192219946], [-122.4086250215389, 37.81067239431557], [-122.40855575759014, 37.810662835832304], [-122.40858887944343, 37.81051222597171], [-122.40860593233393, 37.81051457884351], [-122.4085781652088, 37.81064083970191], [-122.40858661162804, 37.81065036848997], [-122.40862859132454, 37.81065616164282], [-122.4086406075117, 37.810649456853305], [-122.40866837451071, 37.810523195079604], [-122.40868542629399, 37.810525548859154], [-122.40865766043537, 37.81065180971756], [-122.4086661057306, 37.810661338518265], [-122.40870888227711, 37.81066724131191], [-122.40872089959416, 37.81066053649586], [-122.40874866648402, 37.81053427560432], [-122.40876571824911, 37.81053662847139], [-122.40873795141053, 37.81066289026768], [-122.40874639782973, 37.81067241814344], [-122.40879335698172, 37.810678898482884], [-122.40880537315769, 37.81067219367661], [-122.408833139885, 37.81054593186468], [-122.40885019167872, 37.81054828562039], [-122.40882242609177, 37.810674546517035], [-122.40883087252304, 37.810684074386806], [-122.40887626762857, 37.81069033848229], [-122.40888828268653, 37.81068363458679], [-122.40891604927712, 37.810557372755596], [-122.40893310107609, 37.810559726499335], [-122.40890533562589, 37.81068598741521], [-122.40891378209223, 37.810695516179834], [-122.40896048588765, 37.81070196003174], [-122.40897250093991, 37.810695256127666], [-122.4090002674149, 37.81056899517773], [-122.40901731919594, 37.810571348008416], [-122.40898955388458, 37.81069760894392], [-122.40899800036307, 37.810707137702416], [-122.40904000976172, 37.81071293473516], [-122.40905202592084, 37.8107062299038], [-122.40907979226469, 37.810579968935414], [-122.40909684405078, 37.81058232175459], [-122.40906907773513, 37.810708582726924], [-122.40907752422517, 37.81071811147978], [-122.40911953477156, 37.81072390846574], [-122.40913155092537, 37.81071720362628], [-122.40915931600256, 37.810590942657825], [-122.40917636892912, 37.81059329544713], [-122.40914860274461, 37.81071955643793], [-122.40915704922294, 37.81072908428418], [-122.40920059420709, 37.81073509342157], [-122.40921261035537, 37.810728388573814], [-122.40924037643434, 37.81060212756824], [-122.4092574282307, 37.810604480364184], [-122.40922966220293, 37.81073074227463], [-122.40923810869292, 37.810740270115055], [-122.4092850690662, 37.810746750240284], [-122.40929708407322, 37.81074004540238], [-122.4093248499898, 37.810613783476306], [-122.40934190181459, 37.81061613716084], [-122.40931413590305, 37.81074239819008], [-122.40932258242827, 37.81075192692525], [-122.40936590171417, 37.81075790450853], [-122.40937791785113, 37.81075119964403], [-122.40940568365761, 37.81062493860007], [-122.40942273546433, 37.81062729137213], [-122.4093949696861, 37.8107535524201], [-122.40940341622296, 37.810763081149474], [-122.40944739668537, 37.81076914893467], [-122.4094592760515, 37.810762426449415], [-122.40948490538979, 37.81063587013077], [-122.40950195833699, 37.81063822287299], [-122.40947632905012, 37.81076478009607], [-122.4094849123641, 37.810774326432025], [-122.40952924967638, 37.81078044428454], [-122.40954103217501, 37.81077370984115], [-122.40956516796886, 37.81064694607332], [-122.40958222546303, 37.81064929873031], [-122.40955808858527, 37.81077606342082], [-122.40956676877302, 37.8107856217008], [-122.40961177641582, 37.810791832308546], [-122.40962364777614, 37.81078510813377], [-122.4096491708039, 37.810658536373914], [-122.40966622378477, 37.810660889993244], [-122.40964070189754, 37.81078746083746], [-122.40964929209441, 37.81079700885281], [-122.40969099719783, 37.81080276281808], [-122.40970301333586, 37.810796058821325], [-122.40973077747074, 37.810669797720216], [-122.4097478304336, 37.810672150426875], [-122.4097200651913, 37.8107984115503], [-122.4097285117751, 37.81080794025632], [-122.40977231332762, 37.8108139837817], [-122.4097842371168, 37.810807266852635], [-122.40981056814185, 37.810680807238846], [-122.40982762110978, 37.81068315993387], [-122.40980129011292, 37.810809619551485], [-122.40980982902863, 37.81081916027497], [-122.4098552516662, 37.81082542805647], [-122.40986726779319, 37.810818724043045], [-122.40989503276947, 37.81069246198463], [-122.40991208460721, 37.81069481468589], [-122.4098869505337, 37.810809112946444], [-122.40989548271531, 37.810818170724666], [-122.40993714555154, 37.81082197146549], [-122.40994924722222, 37.810814795626946], [-122.40997375990857, 37.81070332549674], [-122.40999081175133, 37.810705678186636], [-122.40996047613228, 37.810843633636466], [-122.41004851825961, 37.81085525287216], [-122.41005654888194, 37.81081766404442], [-122.4100427781325, 37.81079471425488], [-122.41005373056547, 37.8107391197064], [-122.4100775982191, 37.81072434987096], [-122.4100945410971, 37.81062335359545], [-122.41008169667937, 37.81059715707048], [-122.41009175895124, 37.81054608388076], [-122.41011746360991, 37.81052690981381], [-122.41013627968698, 37.810422784831275], [-122.41012031869772, 37.810401106981324], [-122.41012775756796, 37.810363347485755], [-122.41008789688713, 37.81035704290831], [-122.41006329867557, 37.810472065225085], [-122.41004964642569, 37.81047023066044], [-122.41007035225782, 37.810373414535874], [-122.41006192655645, 37.810363593523455], [-122.41004254265015, 37.81036035487203], [-122.41003064439798, 37.81036678032509], [-122.41000966772708, 37.810464859817905], [-122.40999601547973, 37.81046302524705], [-122.41001708330373, 37.81036451440373], [-122.41000865874582, 37.81035469336919], [-122.40997123486198, 37.81034844121358], [-122.40995933544696, 37.810354865776965], [-122.40993787522117, 37.81045521422129], [-122.40992422184196, 37.81045337966052], [-122.40994833065916, 37.81034065257094], [-122.40993982922787, 37.81033115450832], [-122.4099017496052, 37.81032603765935], [-122.40988977330224, 37.810332785192685], [-122.40986566439868, 37.810445512270455], [-122.40985201331715, 37.81044367856542], [-122.40987612110533, 37.810330951508796], [-122.40986761966121, 37.810321452540066], [-122.40983127949787, 37.81031656975317], [-122.40981930319003, 37.81032331727929], [-122.40979519534125, 37.81043604522536], [-122.40978154310451, 37.81043421062966], [-122.40980565097352, 37.81032148268642], [-122.40979714956256, 37.81031198461342], [-122.40975566519069, 37.810306410962205], [-122.40974369001314, 37.81031315846227], [-122.40971958089415, 37.81042588551061], [-122.40970592866123, 37.81042405090623], [-122.40973003780027, 37.81031132386057], [-122.40972153526472, 37.81030182580057], [-122.40968654584947, 37.81029712387029], [-122.4096745695316, 37.81030387138174], [-122.4096504603107, 37.81041659841616], [-122.40963680810437, 37.810414764704575], [-122.40966091734532, 37.81030203767293], [-122.40965241593204, 37.81029253868867], [-122.40961934379973, 37.81028809498349], [-122.40960736747724, 37.81029484248818], [-122.40958325929273, 37.81040756949065], [-122.40956960708974, 37.810405735771255], [-122.40959371527119, 37.81029300787071], [-122.40958521389061, 37.81028350978246], [-122.40954132785458, 37.81027761355604], [-122.4095293515267, 37.810284361052766], [-122.40950524322714, 37.81039708803959], [-122.40949159100484, 37.81039525341032], [-122.40951570045993, 37.810282526407946], [-122.40950719795511, 37.810273028332446], [-122.40946779730209, 37.81026773446575], [-122.40945582094592, 37.81027448105429], [-122.40943171256113, 37.81038720892711], [-122.40941806034233, 37.81038537428933], [-122.40944216990597, 37.81027264730177], [-122.4094336673885, 37.81026314832005], [-122.40939515698861, 37.8102579742968], [-122.40938318065056, 37.8102647217788], [-122.40935907099995, 37.81037744875447], [-122.40934541994346, 37.81037561499078], [-122.40936952845561, 37.81026288713535], [-122.40936102710717, 37.81025338903082], [-122.40931806552861, 37.81024761654231], [-122.40930722090891, 37.81025446555649], [-122.4092987594202, 37.8103693454278], [-122.4092850251308, 37.81036749948644], [-122.40929348666374, 37.81025262051689], [-122.40928385357964, 37.81024301996573], [-122.4092500969584, 37.81023722370843], [-122.40923777924931, 37.81024518522343], [-122.40921366940744, 37.810357913070696], [-122.40920001719954, 37.810356078407736], [-122.40922412708458, 37.810243351464045], [-122.4092156257339, 37.81023385244819], [-122.40917675176426, 37.81022863016698], [-122.40916477538806, 37.81023537672587], [-122.40914066541538, 37.81034810365753], [-122.40912701323417, 37.810346269886935], [-122.4091511232038, 37.810233542057226], [-122.40914262188674, 37.8102240439369], [-122.40910641404118, 37.81021917861295], [-122.40909443768315, 37.81022592606565], [-122.40907032874219, 37.81033865296477], [-122.40905667656455, 37.810336819185956], [-122.40908078550237, 37.810224091388804], [-122.4090722841954, 37.81021459326344], [-122.40902898070497, 37.810208774835615], [-122.4090170043416, 37.81021552228042], [-122.40899289528653, 37.81032824916398], [-122.40897924308955, 37.81032641447541], [-122.40900335330015, 37.81021368757629], [-122.40899485086877, 37.810204189463725], [-122.4089604554336, 37.81019956782631], [-122.40894847906549, 37.81020631526423], [-122.40892436990939, 37.810319042133926], [-122.40891071771568, 37.81031720743739], [-122.40893482689201, 37.810204480570455], [-122.4089263255827, 37.810194981533755], [-122.40888609634091, 37.810189576518106], [-122.40887411996763, 37.81019632394841], [-122.40885000956635, 37.8103090508215], [-122.40883635739948, 37.810307217017254], [-122.40886046779772, 37.810194489246115], [-122.40885196538682, 37.810184991123144], [-122.40881648936667, 37.81018022381407], [-122.40880451298858, 37.810186971237314], [-122.40878040248467, 37.81029969809638], [-122.40876675032132, 37.81029786428406], [-122.40879086082214, 37.810185136526876], [-122.40878235955671, 37.81017563838057], [-122.40873783874524, 37.81016965660218], [-122.40872586233867, 37.81017640311665], [-122.40870175287733, 37.810289130842364], [-122.40868810069473, 37.81028729612008], [-122.40871221133467, 37.81017456927963], [-122.40870370894508, 37.81016507114602], [-122.40866521686046, 37.81015989839197], [-122.40865324160734, 37.8101666457816], [-122.40862913088036, 37.81027937261016], [-122.40861547985992, 37.81027753876197], [-122.40863958944847, 37.81016481105364], [-122.40863108706918, 37.810155312914766], [-122.40859544924079, 37.810150524726616], [-122.40858347282428, 37.81015727122666], [-122.40855936315306, 37.81026999892368], [-122.40854571097739, 37.810268164184905], [-122.40856982066884, 37.810155436490724], [-122.40856131943497, 37.81014593832842], [-122.40852153478689, 37.81014059268424], [-122.40850955838842, 37.8101473400776], [-122.40848544858495, 37.81026006685883], [-122.40847179530068, 37.81025823303076], [-122.40849590623654, 37.8101455053331], [-122.40848740387784, 37.810136007183765], [-122.40844953988979, 37.810130918823326], [-122.40843756348633, 37.81013766620947], [-122.40841345244127, 37.81025039299455], [-122.40839980140834, 37.81024855822052], [-122.40842391133799, 37.810135831456556], [-122.40841541012513, 37.81012633328363], [-122.40835712780907, 37.81011850215482], [-122.408375177299, 37.80999506976094], [-122.40838884765688, 37.80999690692802], [-122.4083743920828, 37.8100957637727], [-122.40838343445643, 37.81010532438771], [-122.40840865845684, 37.81010871304], [-122.40842063488141, 37.81010196655764], [-122.40844158900744, 37.81000399317925], [-122.40845524113196, 37.81000582793017], [-122.40843428586479, 37.810103800428436], [-122.40844278823612, 37.810113299482474], [-122.40846839753033, 37.81011674046617], [-122.40848037392752, 37.81010999307687], [-122.4085013291125, 37.81001201966972], [-122.40851498010456, 37.81001385443202], [-122.4084940260725, 37.81011182782327], [-122.40850252729373, 37.810121325990465], [-122.40852972101055, 37.8101249801429], [-122.40854169740358, 37.81011823274748], [-122.40856265253313, 37.810020260230374], [-122.40857630350506, 37.810022094084765], [-122.40855534955159, 37.810120067486686], [-122.40856385078162, 37.81012956564953], [-122.40858691023521, 37.81013266485547], [-122.40859888662419, 37.81012591745425], [-122.40861984165738, 37.81002794402633], [-122.40863349379062, 37.81002977875654], [-122.40861253877502, 37.810127752186936], [-122.40862104001324, 37.810137250345555], [-122.4086498614689, 37.810141123258326], [-122.40866183785356, 37.81013437585062], [-122.40868279167054, 37.810036402430065], [-122.40869644380697, 37.81003823715299], [-122.40867548887206, 37.8101362105944], [-122.40868399125473, 37.810145708730104], [-122.40870718405279, 37.81014882468021], [-122.40871916045671, 37.81014207816761], [-122.40874011420016, 37.810044104737], [-122.40875376631625, 37.81004593855247], [-122.40873281145481, 37.81014391200385], [-122.40874131386894, 37.81015341103629], [-122.40876767094362, 37.810156952504805], [-122.4087796473202, 37.81015020508518], [-122.4088006009862, 37.810052231643986], [-122.40881425312837, 37.81005406635334], [-122.40879329834443, 37.81015203981531], [-122.40880180074399, 37.81016153794256], [-122.40882552132847, 37.81016472553541], [-122.40883749770103, 37.81015797810999], [-122.4088584512929, 37.810060004658645], [-122.40887210343801, 37.81006183936122], [-122.40885114872813, 37.810159812833334], [-122.40885965113607, 37.81016931095641], [-122.4088869303714, 37.8101729762598], [-122.4088989067628, 37.81016622972897], [-122.4089198613882, 37.810068255347616], [-122.40893351353635, 37.810070090043155], [-122.40891256004069, 37.81016806350765], [-122.40892106134517, 37.81017756254548], [-122.40894205537123, 37.81018038329336], [-122.40895403173573, 37.810173635856046], [-122.40897498517822, 37.8100756623843], [-122.40898863732903, 37.810077497073465], [-122.40896768388083, 37.81017546964671], [-122.40897618632864, 37.81018496866218], [-122.40900786204786, 37.810189225166845], [-122.40901983840781, 37.81018247772296], [-122.40904079176597, 37.810084504239605], [-122.40905444392001, 37.81008633892114], [-122.40903348944391, 37.810184312425186], [-122.40904199187798, 37.81019381053508], [-122.40906760122773, 37.81019725138855], [-122.40907957874214, 37.81019050482111], [-122.40910053202374, 37.810092531327285], [-122.40911418418084, 37.81009436600191], [-122.40909322975803, 37.81019233861563], [-122.40910173108841, 37.81020183764038], [-122.40912549498489, 37.810205029879455], [-122.40913747135977, 37.810198283324446], [-122.40915842570261, 37.81010030980218], [-122.40917207672705, 37.81010214448848], [-122.40915112351406, 37.81020011709387], [-122.40915962598815, 37.81020961609607], [-122.40918813745152, 37.81021344703315], [-122.40920011379902, 37.8102066995709], [-122.40922106808473, 37.81010872693849], [-122.40923471908916, 37.81011056071672], [-122.40921376597953, 37.81020853423397], [-122.40922226730402, 37.81021803234911], [-122.40924620678899, 37.81022124965919], [-122.40925818313245, 37.81021450219112], [-122.4092791373205, 37.81011652864774], [-122.40929278948639, 37.810118363301605], [-122.4092718352926, 37.81021633594666], [-122.40928033664858, 37.81022583495843], [-122.40930405725086, 37.81022902155418], [-122.40931603361349, 37.81022227498107], [-122.40933698772749, 37.810124301427535], [-122.40935063987307, 37.8101261351739], [-122.40932968577658, 37.810224108729834], [-122.40933818714076, 37.810233607737494], [-122.40936450093976, 37.81023714256439], [-122.40937647843361, 37.81023039596677], [-122.4093974313347, 37.81013242242104], [-122.40941108350644, 37.810134257061215], [-122.40939012946417, 37.81023222972691], [-122.4093986319726, 37.810241728711816], [-122.4094251646419, 37.810245293326744], [-122.40943714099616, 37.810238546741346], [-122.40945809495491, 37.810140573166606], [-122.40947174597098, 37.81014240691732], [-122.40945079316513, 37.81024038047608], [-122.40945929454676, 37.81024987947498], [-122.40948173965506, 37.810252894727476], [-122.4094937171408, 37.810246148117976], [-122.40951466989164, 37.81014817455169], [-122.409528322046, 37.81015000827748], [-122.40950736817717, 37.8102479818646], [-122.40951586956689, 37.81025748085935], [-122.40954402997991, 37.81026126422319], [-122.40955600630276, 37.81025451672488], [-122.40957696010918, 37.81015654312932], [-122.4095906111543, 37.81015837776715], [-122.40956965850079, 37.810256351346744], [-122.40957815989944, 37.81026585033704], [-122.40960500261156, 37.81026945585359], [-122.40961697781793, 37.81026270926838], [-122.4096379315462, 37.81016473566211], [-122.40965158370666, 37.81016656937363], [-122.40963062999577, 37.81026454298229], [-122.40963913253862, 37.81027404194978], [-122.40966399532391, 37.81027738211135], [-122.40967597166163, 37.810270635501695], [-122.40969692417887, 37.8101726619035], [-122.40971057634215, 37.81017449560819], [-122.4096896238424, 37.81027246920878], [-122.40969812523507, 37.810281967289605], [-122.40972501017937, 37.81028558020609], [-122.4097369864896, 37.810278832689505], [-122.40975793892865, 37.81018085908056], [-122.40977159111823, 37.81018269367905], [-122.40975063756125, 37.810280667308724], [-122.40975914009799, 37.81029016536674], [-122.40978325627405, 37.81029340494132], [-122.40979523260353, 37.81028665831965], [-122.40981618496784, 37.81018868470057], [-122.40982983716029, 37.81019051929231], [-122.40980888365478, 37.810288492031376], [-122.40981738622315, 37.810297990986], [-122.40983947916061, 37.8103009596033], [-122.409851455463, 37.81029421207505], [-122.40987240889076, 37.81019623842772], [-122.40988605995048, 37.81019807303136], [-122.40986510767571, 37.81029604666269], [-122.40987360909345, 37.81030554473075], [-122.40990084625474, 37.810309204174075], [-122.40991282255291, 37.810302456639675], [-122.4099337759251, 37.810204483882394], [-122.40994742696475, 37.81020631757806], [-122.40992647476858, 37.810304291220206], [-122.40993497619519, 37.810313789283825], [-122.40996296111855, 37.81031754925507], [-122.4099749374356, 37.81031080261517], [-122.40999588956959, 37.81021282896453], [-122.41000954174773, 37.810214662634664], [-122.40999098142665, 37.81030144778896], [-122.40999931729617, 37.810311574869786], [-122.41001714605531, 37.81031512079154], [-122.41002895564377, 37.81030900228562], [-122.41004802595982, 37.810219833276925], [-122.4100616770283, 37.81022166786024], [-122.41004304894196, 37.81030877495157], [-122.41005162599376, 37.810317856324716], [-122.41007132349858, 37.81031968581122], [-122.41008337425708, 37.81031252159574], [-122.41010165559973, 37.81022703868539], [-122.41011530780618, 37.810228873244114], [-122.41009050178114, 37.810344865934184], [-122.4101346967473, 37.81035115438772], [-122.41015541453683, 37.810331050818846], [-122.41017634291845, 37.810233090134474], [-122.41015794491678, 37.81021011346234], [-122.4101793187908, 37.81010161131933], [-122.41007665514296, 37.80992020947252], [-122.4100532085049, 37.80991711682804], [-122.41004147566218, 37.80992391991559], [-122.4100228284958, 37.8100260892359], [-122.41000916580873, 37.810024287280385], [-122.41002781412895, 37.809922117943806], [-122.41001905809335, 37.80991261229421], [-122.40999162334145, 37.8099089939308], [-122.40998019915149, 37.809915828963376], [-122.40996540235926, 37.81001851539754], [-122.40995172598004, 37.81001671095344], [-122.40996652279074, 37.80991402452102], [-122.40995745813015, 37.80990448781656], [-122.40993341198435, 37.809901316538266], [-122.40992172239612, 37.80990812341941], [-122.40990361422304, 37.81001036509908], [-122.40988995154174, 37.81000856312976], [-122.4099080597332, 37.809906321452125], [-122.40989926045184, 37.80989681198813], [-122.40986822283666, 37.80989271842308], [-122.40985670068785, 37.80989954331409], [-122.40984067037299, 37.81000206315439], [-122.40982699972344, 37.81000026040566], [-122.40984303003366, 37.80989773966637], [-122.40983406445302, 37.80988821216271], [-122.40980851264216, 37.80988484174034], [-122.40979690394003, 37.809891658113735], [-122.40977979185317, 37.809994034144765], [-122.40976612574846, 37.809992231315434], [-122.40978323671823, 37.809889855304675], [-122.40977435771835, 37.809880337209215], [-122.40974935530824, 37.809877039888036], [-122.40973685849505, 37.80988373094848], [-122.4097085925148, 37.80998464286517], [-122.40969491387713, 37.80998283842811], [-122.4097231798753, 37.80988192651461], [-122.40971518783219, 37.809872532839485], [-122.40968549289433, 37.809868615752194], [-122.40967393087587, 37.80987543676472], [-122.40965740792213, 37.80997789155512], [-122.40964373955242, 37.809976088748364], [-122.40966026252454, 37.809873633959775], [-122.40965133569142, 37.8098641103213], [-122.40962332539549, 37.809860416477946], [-122.40961163580852, 37.80986722422921], [-122.40959352719514, 37.809969464961355], [-122.40957986339349, 37.80996766297441], [-122.40959797200196, 37.809865421343595], [-122.40958917390059, 37.80985591183801], [-122.40956369619416, 37.80985255097765], [-122.40955203848817, 37.80985936181158], [-122.40953431281224, 37.80996165491213], [-122.40952064901336, 37.809959852918404], [-122.40953837357236, 37.809857559838264], [-122.40952954357108, 37.80984804633882], [-122.40950127454411, 37.80984431790368], [-122.40948961569818, 37.80985112874984], [-122.40947189107371, 37.8099534218227], [-122.40945822611928, 37.8099516189393], [-122.40947595189766, 37.80984932585], [-122.40946712190544, 37.8098398123459], [-122.40943922788381, 37.80983613369966], [-122.40942756903347, 37.809842944539696], [-122.40940984432547, 37.80994523760339], [-122.40939618050948, 37.80994343469441], [-122.4094139052591, 37.80984114253354], [-122.40940507527583, 37.80983162902469], [-122.40937462013042, 37.809827611515765], [-122.40936296127536, 37.809834422349425], [-122.40934523534499, 37.80993671542195], [-122.40933157155528, 37.80993491340631], [-122.40934929750416, 37.8098326203358], [-122.40934046753017, 37.80982310682208], [-122.40931619460251, 37.80981990484421], [-122.4093045369021, 37.80982671655461], [-122.40928681086969, 37.80992900871772], [-122.40927314708291, 37.80992720669529], [-122.40929087197503, 37.80982491365172], [-122.40928204316805, 37.80981540101614], [-122.40925139883329, 37.8098113586007], [-122.40923973996962, 37.8098181694222], [-122.40922201500868, 37.80992046245822], [-122.40920835006646, 37.80991865954587], [-122.40922607618111, 37.809816366493486], [-122.40921724624812, 37.809806853871414], [-122.40919528822961, 37.80980395685525], [-122.40918362936195, 37.80981076767122], [-122.40916590432546, 37.809913060698875], [-122.40915223940912, 37.80991125868081], [-122.40916996559945, 37.809808965636805], [-122.40916113565125, 37.809799452109715], [-122.40913005594368, 37.809795352724535], [-122.40911839820681, 37.809802163515755], [-122.40910067194709, 37.80990445655216], [-122.40908700816934, 37.80990265450809], [-122.40910473331203, 37.809800361492094], [-122.40909590337313, 37.8097908479601], [-122.40907319425469, 37.80978785223034], [-122.40906153651378, 37.80979466301598], [-122.40904381017751, 37.80989695604397], [-122.40903014640253, 37.809895153993395], [-122.4090478716217, 37.809792860985716], [-122.40903904169105, 37.80978334744946], [-122.40901370995088, 37.809780006638704], [-122.40900205220585, 37.80978681741838], [-122.4089843257894, 37.809889110437595], [-122.40897066199416, 37.80988730747931], [-122.40898838729349, 37.80978501448049], [-122.4089795573713, 37.80977550093969], [-122.40895141605621, 37.80977178923189], [-122.40893975830673, 37.80977860000541], [-122.40892203180641, 37.80988089301543], [-122.40890836803737, 37.80987909095074], [-122.40892609342058, 37.80977679796112], [-122.40891726350733, 37.809767284415706], [-122.40888443424376, 37.80976295373488], [-122.408872775354, 37.809769764520155], [-122.40885504876363, 37.80987205752035], [-122.40884138499781, 37.80987025544782], [-122.40885911160659, 37.80976796244974], [-122.40885028170311, 37.809758448899295], [-122.40882382271418, 37.80975495866707], [-122.40881216382004, 37.80976176944647], [-122.40879443828358, 37.80986406241933], [-122.4087807733852, 37.80986226035816], [-122.40879850007559, 37.80975996736901], [-122.4087896701808, 37.809750453813955], [-122.40875959010015, 37.809746485952104], [-122.40874793120153, 37.80975329672509], [-122.40873020557846, 37.80985558968845], [-122.40871654068332, 37.80985378761983], [-122.40873426746018, 37.80975149464018], [-122.40872543757455, 37.80974198108038], [-122.408699978183, 37.80973862244189], [-122.40868831928026, 37.80974543320899], [-122.40867059357687, 37.809847726163476], [-122.40865692982003, 37.809845924069634], [-122.4086746555417, 37.80974363111717], [-122.40866582566473, 37.80973411755288], [-122.40863880365144, 37.809730553479675], [-122.40862714587973, 37.80973736422236], [-122.40860941895868, 37.80983965718625], [-122.4085957552048, 37.80983785508535], [-122.40861348100886, 37.80973556214185], [-122.40860465114058, 37.809726048572955], [-122.40858007168322, 37.80972280634448], [-122.40856841277186, 37.80972961709981], [-122.40855068690715, 37.80983191003659], [-122.40853702199743, 37.80983010704644], [-122.40855474901608, 37.80972781409324], [-122.40854591917943, 37.809718301420844], [-122.408514899927, 37.80971420900719], [-122.40850324101102, 37.80972101975602], [-122.40848551392314, 37.80982331270162], [-122.40847185017519, 37.80982151058634], [-122.40848957728154, 37.80971921764278], [-122.4084807474311, 37.80970970406459], [-122.40845422808982, 37.80970620661579], [-122.40844257030494, 37.80971301734027], [-122.40842484313539, 37.809815310276825], [-122.40841117936732, 37.8098135072537], [-122.40842890541984, 37.80971121433747], [-122.40842007557812, 37.80970170075472], [-122.40839699040421, 37.80969865600688], [-122.40838533261525, 37.80970546672571], [-122.40836760536867, 37.809807759653886], [-122.40835394160337, 37.80980595662407], [-122.40837166775607, 37.80970366461717], [-122.40836283905811, 37.809694151011755], [-122.40833082024145, 37.80968992692517], [-122.40831916131248, 37.809696737655905], [-122.4083014339767, 37.80979903057423], [-122.40828777023776, 37.809797228437624], [-122.40830549645642, 37.80969493553969], [-122.40829666776796, 37.809685421929245], [-122.40826668805292, 37.80968146763909], [-122.40825502911929, 37.80968827836352], [-122.40823730283272, 37.80979057125398], [-122.40821680608218, 37.80978786760527], [-122.40825573085245, 37.80956325124152], [-122.40827622756564, 37.80956595578441], [-122.40826068832392, 37.80965562340049], [-122.40826951813973, 37.80966513699525], [-122.40828720642068, 37.809667469716395], [-122.4082988642126, 37.80966065900722], [-122.40831440340914, 37.80957099138618], [-122.40832806710718, 37.80957279351986], [-122.40831252906216, 37.80966246112421], [-122.40832135888535, 37.80967197471515], [-122.40834275263123, 37.80967479721054], [-122.40835441155467, 37.809667986477514], [-122.40836994955018, 37.80957831886774], [-122.40838361438631, 37.80958012097652], [-122.40836807527144, 37.80966978860644], [-122.4083769051026, 37.80967930219313], [-122.40839467776065, 37.80968164705121], [-122.40840633668044, 37.80967483631296], [-122.40842187572702, 37.80958516777729], [-122.40843553945344, 37.809586970799245], [-122.40842000039972, 37.80967663843597], [-122.40842883023845, 37.80968615201874], [-122.40845122471245, 37.80968910610012], [-122.4084628836281, 37.80968229535631], [-122.40847842147254, 37.80959262683162], [-122.408492086337, 37.8095944298287], [-122.40847654735015, 37.80968409747275], [-122.408485377197, 37.8096936110513], [-122.40850358524682, 37.8096960128335], [-122.40851524413561, 37.8096892011838], [-122.40853078194151, 37.80959953355312], [-122.40854444680853, 37.80960133654415], [-122.40852890788344, 37.80969100419489], [-122.40853773773773, 37.809700517769585], [-122.408558321094, 37.80970323257787], [-122.40856998000214, 37.80969642182348], [-122.40858551774336, 37.809606754185715], [-122.40859918258997, 37.8096085562696], [-122.40858364375252, 37.809698224828324], [-122.40859247359164, 37.80970773749802], [-122.40861467889967, 37.80971066757339], [-122.40862633780371, 37.80970385681346], [-122.40864187659075, 37.80961418824928], [-122.40865554030461, 37.80961599034492], [-122.40864000266919, 37.809705658892575], [-122.40864883251629, 37.80971517155804], [-122.408663043371, 37.80971704680878], [-122.40867470227181, 37.80971023604414], [-122.4086902410016, 37.809620567473644], [-122.40870390474105, 37.809622370464545], [-122.40868836600413, 37.80971203813596], [-122.40869719588136, 37.8097215516986], [-122.40872315106246, 37.80972497531193], [-122.40873480995889, 37.80971816454137], [-122.40875034750559, 37.809628496882254], [-122.40876401236011, 37.80963029894704], [-122.40874847369413, 37.80971996662621], [-122.40875730358009, 37.80972948018435], [-122.40877688738989, 37.80973206423409], [-122.40878854625933, 37.80972525255741], [-122.40880408374262, 37.809635584891346], [-122.40881774859974, 37.809637386949895], [-122.40880221002034, 37.80972705553691], [-122.40881103989088, 37.80973656819019], [-122.40883985078696, 37.8097391524957], [-122.40885153079529, 37.80973356070821], [-122.40886706933968, 37.80964389301568], [-122.4088807342231, 37.80964569596767], [-122.40886519569486, 37.80973536366205], [-122.40887402559751, 37.80974487721141], [-122.40889161019699, 37.80974719620007], [-122.40890326908148, 37.80974038541281], [-122.40891880756479, 37.80965071771357], [-122.40893247129206, 37.809652519777146], [-122.40891693282487, 37.80974218747814], [-122.40892576275812, 37.80975170192451], [-122.40894659459701, 37.809754448692104], [-122.40895825234207, 37.80974763791778], [-122.40897379076053, 37.809657970211354], [-122.40898745449049, 37.80965977226863], [-122.40897191608816, 37.80974943997683], [-122.40898074602941, 37.809758954418974], [-122.4090021409376, 37.809761775875536], [-122.40901379981422, 37.809754965077445], [-122.4090293381671, 37.80966529736391], [-122.40904300189976, 37.80966709941465], [-122.40902746356298, 37.80975676712997], [-122.409036293489, 37.80976628066721], [-122.40905250353663, 37.80976841910864], [-122.40906416240966, 37.809761608305564], [-122.4090797007031, 37.80967194058544], [-122.4090933644383, 37.809673742630366], [-122.4090778261609, 37.809763410352254], [-122.40908665609423, 37.80977292388566], [-122.4091072395138, 37.809775639498994], [-122.4091188983598, 37.80976882778964], [-122.40913443545323, 37.80967916008079], [-122.4091481003264, 37.80968096210099], [-122.40913256211367, 37.80977062982997], [-122.40914139207796, 37.80978014426008], [-122.40916178741136, 37.80978283406983], [-122.40917344514123, 37.809776023274274], [-122.40918898330573, 37.80968635554006], [-122.40920264818155, 37.80968815755392], [-122.40918711003319, 37.80977782528999], [-122.4091959388468, 37.809787338833544], [-122.40921483993591, 37.80978983202601], [-122.40922649766202, 37.80978302122525], [-122.40924203576391, 37.80969335348409], [-122.40925570064238, 37.80969515549189], [-122.40924016255654, 37.809784823234814], [-122.40924899251313, 37.80979433675602], [-122.40926907215373, 37.80979698569597], [-122.4092807298759, 37.80979017489001], [-122.4092962678906, 37.80970050624093], [-122.4093099316595, 37.80970230916163], [-122.40929439477314, 37.8097919768932], [-122.40930322473753, 37.80980149041033], [-122.40932536966805, 37.80980441141695], [-122.4093370285217, 37.8097976005869], [-122.40935256646989, 37.80970793193061], [-122.4093662302415, 37.80970973484478], [-122.4093506922862, 37.80979940260195], [-122.40935952225865, 37.80980891611494], [-122.40937867070102, 37.809811442226426], [-122.40939032952775, 37.80980463049038], [-122.4094058674363, 37.809714962728], [-122.40941953118723, 37.80971676473512], [-122.40940399331797, 37.80980643340008], [-122.40941282329811, 37.80981594690897], [-122.40943221906326, 37.80981850505631], [-122.40944387790925, 37.80981169421572], [-122.40945941573155, 37.809722025545575], [-122.40947307950825, 37.809723828447396], [-122.409457541679, 37.80981349621846], [-122.40946637166684, 37.80982300972335], [-122.40948851774563, 37.809825930680944], [-122.4095001754522, 37.809819119853174], [-122.40951571323123, 37.80972945207664], [-122.4095293781229, 37.809731254052636], [-122.4095138403601, 37.80982092183094], [-122.40952267035603, 37.80983043533168], [-122.40954398554604, 37.80983324716674], [-122.40955566716268, 37.80982643865001], [-122.409571463619, 37.80973680542902], [-122.40958512624246, 37.80973860743533], [-122.40956933093776, 37.80982824063975], [-122.40957813702776, 37.80983775181979], [-122.40959934734363, 37.80984054912117], [-122.40961103922164, 37.809833742235185], [-122.40962694046769, 37.80974412262967], [-122.40964060309403, 37.80974592462963], [-122.40962470299948, 37.8098355442185], [-122.40963349883208, 37.80984505375818], [-122.40964886546102, 37.809847080506096], [-122.4096608798262, 37.80984031345409], [-122.40968032583353, 37.809751164554264], [-122.40969398503285, 37.80975296570231], [-122.40967453904145, 37.80984211460435], [-122.40968301241372, 37.809851585202374], [-122.40970980998033, 37.80985511932719], [-122.40972149955648, 37.80984831156618], [-122.4097373733289, 37.80975868878402], [-122.4097510359605, 37.809760490771104], [-122.40973516336277, 37.80985011443758], [-122.40974396148216, 37.80985962393219], [-122.4097635761105, 37.809862210925054], [-122.40977497755684, 37.809855374479405], [-122.40978770978361, 37.8097653285227], [-122.40980138836031, 37.80976713204825], [-122.40978865617295, 37.809857178907286], [-122.40979774242602, 37.80986671707718], [-122.40981363452221, 37.8098688137003], [-122.40982578682136, 37.80986206602675], [-122.40984674394075, 37.80977311432506], [-122.40986040544225, 37.80977491631785], [-122.40983944833862, 37.80986386802201], [-122.40984778374256, 37.80987331741114], [-122.40987231658946, 37.8098765538234], [-122.40988371802807, 37.80986971736727], [-122.40989645123777, 37.809779670479806], [-122.4099101287074, 37.809781474911944], [-122.40990207986339, 37.8098383994867], [-122.40992831755942, 37.809869357427125], [-122.4100575207215, 37.809886398652566], [-122.40978864750682, 37.80941131095511], [-122.4096926956468, 37.80945220153805], [-122.40975336127245, 37.809476700036136], [-122.40979460782667, 37.809482275730055], [-122.40977678028153, 37.80959110159738], [-122.40976311995128, 37.80958925541722], [-122.4097773769372, 37.80950222725097], [-122.40976847775502, 37.80949267343352], [-122.40974531426815, 37.80948954280034], [-122.40973373892066, 37.80949632888887], [-122.40971948188472, 37.80958335704987], [-122.40970582153425, 37.80958150996219], [-122.40972007860891, 37.80949448270361], [-122.40971117941186, 37.80948492798103], [-122.40969012016102, 37.8094820822934], [-122.40967854367413, 37.80948886839497], [-122.40966428657504, 37.80957589654942], [-122.40965062738579, 37.80957405033778], [-122.40966488450054, 37.809487022184946], [-122.40965598533475, 37.809477468359], [-122.40964297816303, 37.80947570982138], [-122.40963140283144, 37.809482496800754], [-122.40961714567818, 37.809569524949616], [-122.40960348533272, 37.80956767785009], [-122.40961774252477, 37.809480650603646], [-122.40960884447794, 37.80947109585485], [-122.4095840395947, 37.809467743933645], [-122.40957246423578, 37.80947453000645], [-122.40955820701511, 37.80956155814831], [-122.4095445455603, 37.80955971196114], [-122.40955880279665, 37.80947268382082], [-122.40954990478164, 37.80946312996846], [-122.40953432034573, 37.809461022922804], [-122.40952274500647, 37.80946780989152], [-122.40950848770562, 37.80955483712662], [-122.40949482738871, 37.80955299091538], [-122.40950908470523, 37.80946596368184], [-122.40950018667424, 37.809456408924824], [-122.40947636891718, 37.80945318969887], [-122.40946479243854, 37.809459976680316], [-122.40945053509434, 37.809547004809396], [-122.40943687475715, 37.80954515769057], [-122.40945113327558, 37.80945813044554], [-122.40944223411748, 37.80944857570259], [-122.40942468799136, 37.80944620480495], [-122.40941311262132, 37.809452990862056], [-122.4093988552179, 37.80954001898509], [-122.40938519490643, 37.80953817276108], [-122.40939945232552, 37.80945114463967], [-122.4093905531981, 37.809441590793625], [-122.40936645388416, 37.8094383328458], [-122.40935487853311, 37.80944511979802], [-122.40934062103985, 37.809532147013236], [-122.40932695959579, 37.80953030080089], [-122.4093412171048, 37.809443273587334], [-122.40933231909806, 37.809433718817615], [-122.4093161328441, 37.809431531365014], [-122.40930455635409, 37.809438318330756], [-122.40929029880317, 37.80952534554003], [-122.40927663849712, 37.80952349930343], [-122.40929089604053, 37.809436471194985], [-122.40928199806434, 37.80942691732235], [-122.40926402789584, 37.8094244883784], [-122.40925245253757, 37.809431275320655], [-122.40923819495009, 37.80951830342455], [-122.40922453462346, 37.80951645628112], [-122.40923879222662, 37.80942942817885], [-122.40922989312244, 37.80941987432065], [-122.4092037808245, 37.80941634521817], [-122.40919220543883, 37.809423131253716], [-122.4091779477823, 37.80951015935045], [-122.40916428745865, 37.80950831220004], [-122.40917854515402, 37.809421285005726], [-122.40916964605869, 37.809411731142966], [-122.40914507143147, 37.809408408747494], [-122.40913349606483, 37.809415195678106], [-122.40911923834099, 37.80950222376788], [-122.40910557804344, 37.80950037751147], [-122.40911983578292, 37.809413349423316], [-122.40911093783151, 37.809403795537726], [-122.40908735148328, 37.80940060673383], [-122.40907577497718, 37.809407393677155], [-122.4090615171871, 37.809494421760164], [-122.40904785802792, 37.80949257547869], [-122.40906211581049, 37.80940554649649], [-122.40905321673192, 37.80939599262492], [-122.40903876083614, 37.809394039378155], [-122.40902718543897, 37.80940082539747], [-122.40901292759321, 37.80948785347463], [-122.40899926730094, 37.809486007205905], [-122.40901352516236, 37.809398979130364], [-122.40900462609083, 37.80938942525511], [-122.40898543853989, 37.80938683122565], [-122.40897386316215, 37.809393618140625], [-122.40895960525533, 37.80948064621143], [-122.40894594496572, 37.80947879993654], [-122.40896020288817, 37.80939177186733], [-122.40895130382438, 37.80938221798805], [-122.40892987185987, 37.80937932052082], [-122.40891829645504, 37.809386106529466], [-122.40890403848447, 37.80947313459377], [-122.4088903781976, 37.80947128831235], [-122.40890463618385, 37.80938426024973], [-122.4088957371281, 37.80937470636624], [-122.40887449782187, 37.80937183551072], [-122.4088629224363, 37.80937862241482], [-122.4088486643791, 37.80946564957168], [-122.40883500409507, 37.80946380328391], [-122.4088492621447, 37.8093767752278], [-122.40884036309697, 37.80936722134019], [-122.40882071392024, 37.80936456536226], [-122.40880913850773, 37.809371351360205], [-122.40879488041212, 37.809458379411566], [-122.40878122013062, 37.8094565331175], [-122.40879547824196, 37.80936950506784], [-122.40878657920204, 37.80935995117608], [-122.40876795591025, 37.809357433594336], [-122.40875638051718, 37.809364220488], [-122.40874212233786, 37.80945124763222], [-122.40872846205907, 37.809449401332124], [-122.40874272025404, 37.80936237418952], [-122.40873382233401, 37.80935281937458], [-122.40871323619598, 37.8093500370525], [-122.40870166079895, 37.80935682394081], [-122.40868740255692, 37.80944385107853], [-122.40867374228084, 37.80944200477208], [-122.40868800053855, 37.809354977635984], [-122.40867910149103, 37.80934542283521], [-122.40865696399995, 37.80934243129495], [-122.40864538857582, 37.80934921727694], [-122.40863113029246, 37.80943624530878], [-122.40861747001918, 37.80943439899584], [-122.40863172831821, 37.809347370965526], [-122.40862282927884, 37.80933781616057], [-122.40860261589735, 37.809335084563365], [-122.4085910404695, 37.80934187053994], [-122.40857678212383, 37.80942889856535], [-122.40856312183011, 37.80942705134529], [-122.4085773802146, 37.80934002422232], [-122.40856848120625, 37.80933047031405], [-122.40854745962834, 37.80932762832018], [-122.40853588421967, 37.80933441519224], [-122.4085216258109, 37.80942144321111], [-122.4085079655199, 37.809419595984636], [-122.40852222394436, 37.80933256796741], [-122.40851332607951, 37.809323014036515], [-122.40849357320737, 37.809320344361936], [-122.40848199777174, 37.80932713032784], [-122.40846773930122, 37.80941415834038], [-122.40845407903606, 37.80941231200843], [-122.40846833754551, 37.80932528489847], [-122.40845943966524, 37.809315730062686], [-122.40843825056064, 37.80931286642775], [-122.40842667512113, 37.809319652388226], [-122.40841241658717, 37.80940668039413], [-122.40839875632479, 37.809404834055826], [-122.40841301487438, 37.80931780605155], [-122.4084041158899, 37.809308252130855], [-122.40838347960876, 37.80930546245209], [-122.4083719041654, 37.809312248407274], [-122.40835764556867, 37.809399276406666], [-122.40834398530897, 37.809397430062035], [-122.40835824392138, 37.80931040206424], [-122.4083493449449, 37.80930084813939], [-122.40832758018192, 37.8092979054805], [-122.4083160036223, 37.8093046923494], [-122.40830174496149, 37.80939172034217], [-122.40828808581685, 37.80938987307187], [-122.40830234338115, 37.8093028459999], [-122.4082934455481, 37.80929329205245], [-122.40827533520621, 37.809290842696704], [-122.408263758643, 37.80929762956046], [-122.40824950105771, 37.809384657528675], [-122.40823583966802, 37.809382811189884], [-122.40825009840437, 37.809295783204924], [-122.40824120057894, 37.80928622925352], [-122.40821999893184, 37.80928336307887], [-122.40820842350016, 37.80929014991885], [-122.40819416471605, 37.809377177898845], [-122.40818050446441, 37.809375331535264], [-122.40819476326428, 37.80928830355689], [-122.40818586542373, 37.80927874870041], [-122.40816752373779, 37.809276269726375], [-122.40815594827924, 37.809283055660416], [-122.40814168945815, 37.80937008453506], [-122.40812802920922, 37.80936823816542], [-122.40814228804607, 37.80928120929238], [-122.40813338910078, 37.80927165535119], [-122.40811232881224, 37.809268808499326], [-122.40810075337306, 37.80927559532875], [-122.40808649446545, 37.80936262329605], [-122.40807283419612, 37.80936077601911], [-122.40808709314253, 37.80927374895432], [-122.40807819531749, 37.809264194089764], [-122.40804002099436, 37.8092590340225], [-122.40805855511424, 37.8091459153737], [-122.40807221532053, 37.80914776175155], [-122.40805725229424, 37.809239082754544], [-122.40806615122574, 37.80924863670147], [-122.40808664612895, 37.80925140709357], [-122.4080982227244, 37.80924462114794], [-122.40811318456602, 37.809153300158215], [-122.40812684477503, 37.80915514652965], [-122.40811188294985, 37.80924646752117], [-122.40812078191242, 37.80925602236484], [-122.40813841799904, 37.80925840551779], [-122.40814999345534, 37.80925161958544], [-122.4081649552347, 37.809160298589276], [-122.40817861544627, 37.80916214495473], [-122.40816365368336, 37.8092534659526], [-122.40817255149487, 37.80926301990992], [-122.40819613773706, 37.80926620799594], [-122.40820771432459, 37.809259422039645], [-122.40822267603454, 37.80916810103619], [-122.40823633624899, 37.80916994739496], [-122.40822137455548, 37.809261268400114], [-122.40823027237536, 37.80927082235305], [-122.40825362838369, 37.809273979906756], [-122.40826520383177, 37.80926719396313], [-122.40828016544951, 37.80917587205171], [-122.40829382566675, 37.80917771840391], [-122.40827886406554, 37.80926904031694], [-122.40828776302924, 37.80927859424715], [-122.40830774500941, 37.80928129539614], [-122.40831932043065, 37.8092745085464], [-122.40833428314183, 37.80918318751076], [-122.40834794336186, 37.80918503385659], [-122.40833298069023, 37.80927635579475], [-122.40834187966178, 37.80928590972088], [-122.4083573226536, 37.80928799668152], [-122.40836889922981, 37.80928121070937], [-122.40838386072284, 37.80918988878512], [-122.40839752096836, 37.809191736026044], [-122.4083825583333, 37.80928305706952], [-122.40839145731205, 37.80929261099192], [-122.40841242757087, 37.80929544573286], [-122.40842400300781, 37.809288659773664], [-122.40843896556994, 37.809197337824195], [-122.40845262581823, 37.80919918505871], [-122.40843766324946, 37.809290506109086], [-122.40844656223618, 37.80930006002728], [-122.40847117438157, 37.809303386466226], [-122.40848274981438, 37.809296600501284], [-122.40849771119353, 37.80920527946368], [-122.40851137142167, 37.809207125790586], [-122.40849641005897, 37.80929844682996], [-122.40850530907733, 37.809308001644524], [-122.40852103362063, 37.809310126384645], [-122.40853261018542, 37.80930334039653], [-122.40854757150461, 37.80921201935262], [-122.40856123173522, 37.80921386567382], [-122.40854626929698, 37.80930518673764], [-122.40855516829942, 37.809314740647636], [-122.40857762611085, 37.80931777658985], [-122.40858920151301, 37.80931098971368], [-122.4086041639228, 37.80921966954525], [-122.40861782415624, 37.809221515859804], [-122.40860286292154, 37.80931283691237], [-122.40861176079669, 37.80932239083646], [-122.40863628293283, 37.80932570608081], [-122.40864785946637, 37.80931891918053], [-122.40866282064694, 37.809227598122355], [-122.4086764808833, 37.80922944443013], [-122.40866151858373, 37.80932076550838], [-122.40867041762597, 37.80933032031053], [-122.40868782348552, 37.80933267196054], [-122.40869939890317, 37.80932588597437], [-122.40871436002176, 37.809234564909794], [-122.40872802026067, 37.809236411211586], [-122.40871305915842, 37.8093277322779], [-122.4087219570728, 37.80933728709444], [-122.40874049142302, 37.80933979170342], [-122.40875206683691, 37.809333005712105], [-122.40876702786899, 37.80924168374016], [-122.40878068811051, 37.80924353003585], [-122.40876572709487, 37.80933485200951], [-122.40877462612912, 37.80934440590289], [-122.40879633962005, 37.80934734119869], [-122.40880791503007, 37.8093405552019], [-122.40882287713039, 37.80924923320462], [-122.40883653737481, 37.80925107949385], [-122.40882157526765, 37.80934240059201], [-122.40883047433314, 37.809351955381985], [-122.40884849575002, 37.80935439077174], [-122.40886007115638, 37.80934760476983], [-122.40887503205856, 37.80925628278435], [-122.40888869232865, 37.809258129968434], [-122.40887373141973, 37.80934945105473], [-122.40888262933412, 37.809359004958296], [-122.40890298410629, 37.809361756749624], [-122.40891455948557, 37.80935496984166], [-122.4089295214808, 37.8092636487319], [-122.40894318173042, 37.80926549500871], [-122.40892821975163, 37.809356816120236], [-122.40893711883248, 37.80936637090211], [-122.40895865335402, 37.809369281127424], [-122.40897022875254, 37.80936249511472], [-122.4089851906809, 37.809271173998034], [-122.40899884979778, 37.809273020286845], [-122.40898388902133, 37.809364341386846], [-122.4089927880872, 37.809373895263725], [-122.40901370711177, 37.80937672351804], [-122.40902528248326, 37.809369936599154], [-122.4090402432099, 37.809278615494065], [-122.40905390346505, 37.809280461758036], [-122.4090389427548, 37.809371782864964], [-122.40904784182864, 37.809381336737665], [-122.40907040228704, 37.80938438714689], [-122.40908197765462, 37.80937760022243], [-122.40909693831307, 37.809286279110225], [-122.40911059857103, 37.809288125367694], [-122.409095637929, 37.809379446481614], [-122.40910453701105, 37.80938900035002], [-122.40912253223804, 37.80939143251726], [-122.40913410762514, 37.80938464648849], [-122.4091490682209, 37.80929332536978], [-122.40916272848143, 37.80929517162123], [-122.40914776790211, 37.80938649274162], [-122.40915666585619, 37.80939604662447], [-122.40918062493184, 37.80939928525599], [-122.40919220031485, 37.80939249922155], [-122.40920716081756, 37.80930117719479], [-122.40922082110417, 37.80930302434031], [-122.4092058605947, 37.809394345467965], [-122.4092147585572, 37.80940389934641], [-122.40923324166042, 37.809406397498364], [-122.40924481703962, 37.80939961145886], [-122.40925977747915, 37.80930828942546], [-122.4092734389038, 37.8093101365465], [-122.40925847732218, 37.80940145769918], [-122.40926737642772, 37.80941101155525], [-122.4092910528114, 37.809414211482654], [-122.40930262818652, 37.809407425437406], [-122.40931758969195, 37.80931610337852], [-122.40933124884853, 37.80931795052963], [-122.40931628847187, 37.809409271671036], [-122.40932518758588, 37.80941882552274], [-122.40934404117488, 37.80942137443598], [-122.40935561652321, 37.80941458748464], [-122.40937057798797, 37.80932326631999], [-122.40938423825952, 37.809325112545835], [-122.40936927683427, 37.80941643461301], [-122.40937817595595, 37.80942598846072], [-122.4093985820451, 37.809428746546], [-122.40941015738952, 37.80942195958948], [-122.40942511765336, 37.8093306384363], [-122.40943877792753, 37.80933248465577], [-122.40942381770338, 37.80942380671144], [-122.40943271683297, 37.809433360555005], [-122.40946359042707, 37.80943753348981], [-122.40947988986309, 37.809338041909825], [-122.40949355014008, 37.80933988812295], [-122.40947725072195, 37.80943937970477], [-122.40951606699433, 37.80944462624704], [-122.4095323652262, 37.809345134678324], [-122.40954602550569, 37.80934698088544], [-122.40952972731499, 37.80944647335673], [-122.40957415977134, 37.8094524787919], [-122.40959045906251, 37.809352987196924], [-122.40960411820949, 37.809354833415604], [-122.40958782007164, 37.80945432499405], [-122.40962771241178, 37.80945971719619], [-122.40964401163275, 37.80936022559402], [-122.40965767191791, 37.80936207178805], [-122.40964599579296, 37.80943334195627], [-122.40967272438888, 37.80944413644834], [-122.40978201441682, 37.809399590885874], [-122.40975900323002, 37.80935892961369], [-122.40964597024954, 37.80908896850055], [-122.40958310222842, 37.80906530047717], [-122.40952227540946, 37.80906013365233], [-122.40949853332515, 37.80916804949057], [-122.40948598490493, 37.809166459245006], [-122.40950449520207, 37.80908001382145], [-122.40949599937095, 37.80907050482268], [-122.40947743412764, 37.80906799001859], [-122.40946545882329, 37.80907472578116], [-122.40944694734655, 37.80916117121707], [-122.4094332984117, 37.809159323012985], [-122.40945180990379, 37.80907287757917], [-122.40944331294483, 37.80906336859498], [-122.40942245312756, 37.8090605430641], [-122.40941047668399, 37.809067278839485], [-122.40939196628064, 37.8091537242485], [-122.40937831732526, 37.80915187513725], [-122.4093968277673, 37.809065430631144], [-122.40938833079295, 37.8090559207421], [-122.40936783916241, 37.80905314511597], [-122.40935586385055, 37.80905988086742], [-122.40933735224999, 37.809146326286374], [-122.40932370329732, 37.8091444771688], [-122.4093422149365, 37.809058032652764], [-122.4093337179701, 37.80904852275976], [-122.40931162252909, 37.80904552976121], [-122.40929964723644, 37.80905226640785], [-122.40928113557241, 37.8091387118181], [-122.40926748662255, 37.809136862694025], [-122.40928599830208, 37.80905041728588], [-122.40927750023154, 37.80904090830799], [-122.4092596280358, 37.80903848679086], [-122.40924765160415, 37.80904522345061], [-122.40922914101665, 37.809131668834425], [-122.40921549206946, 37.80912981970431], [-122.40923400380781, 37.80904337430415], [-122.40922550688012, 37.809033865304215], [-122.40920616198179, 37.80903124502036], [-122.40919418665881, 37.80903798075544], [-122.40917567487544, 37.80912442614937], [-122.40916202593084, 37.80912257701299], [-122.40918053772963, 37.80903613162116], [-122.40917203967419, 37.809026622635734], [-122.40915246794755, 37.809023971768895], [-122.40914049262085, 37.80903070749853], [-122.40912198077679, 37.80911715288415], [-122.40910833183486, 37.8091153037417], [-122.40912684369434, 37.80902885835812], [-122.40911834678202, 37.80901934935042], [-122.40909588317622, 37.809016306396266], [-122.40908390786878, 37.809023043020964], [-122.40906539596078, 37.809109488397844], [-122.40905174702175, 37.809107639248765], [-122.40907025894509, 37.809021193874], [-122.40906176204092, 37.809011684862234], [-122.40903915822526, 37.80900862253784], [-122.40902718291382, 37.80901535915681], [-122.40900867091861, 37.80910180362409], [-122.40899502200548, 37.809099955369255], [-122.40901353399306, 37.809013510003275], [-122.40900503709703, 37.8090040009874], [-122.40898413286891, 37.80900116978986], [-122.40897215753061, 37.809007905502426], [-122.40895364547312, 37.8090943499612], [-122.40893999769823, 37.80909250168161], [-122.4089585086126, 37.809006056342525], [-122.40895001172436, 37.808996547322685], [-122.40893048332237, 37.80899390202651], [-122.40891850798037, 37.80900063773366], [-122.40889999702078, 37.809087083066544], [-122.40888634811316, 37.809085234799134], [-122.40890485908808, 37.80899878946834], [-122.40889636218449, 37.80898927954374], [-122.40887674603343, 37.80898662304201], [-122.40886476952907, 37.80899335786127], [-122.40884625850883, 37.80907980318586], [-122.40883260960379, 37.80907795491224], [-122.40885112063957, 37.80899150958976], [-122.40884262376684, 37.80898200056206], [-122.40881924143235, 37.808978832737544], [-122.40880726497045, 37.8089855693526], [-122.40878875386196, 37.80907201376747], [-122.40877510495987, 37.80907016548718], [-122.40879361719595, 37.80898372015524], [-122.40878511917292, 37.80897421024097], [-122.40876609917875, 37.808971634193554], [-122.4087541227131, 37.80897837080328], [-122.40873561156778, 37.80906481611074], [-122.40872196264507, 37.80906296692349], [-122.40874047380593, 37.80897652161814], [-122.40873197806134, 37.80896701166327], [-122.40871488446086, 37.80896469642314], [-122.40870290799167, 37.8089714330276], [-122.40868439678835, 37.80905787832714], [-122.4086707478682, 37.80905602913397], [-122.40868926022245, 37.80896958381816], [-122.40868076334984, 37.80896007387798], [-122.4086642659243, 37.808957840004624], [-122.40865228942847, 37.80896457570316], [-122.40863377816792, 37.80905102099485], [-122.4086201292504, 37.80904917179583], [-122.40863864168485, 37.80896272738866], [-122.40863014368408, 37.808953217463184], [-122.40860809276712, 37.80895023082287], [-122.40859611740284, 37.80895696649733], [-122.40857760494337, 37.8090434117988], [-122.40856395602854, 37.809041562593194], [-122.40858246850345, 37.80895511729391], [-122.4085739716693, 37.80894560824687], [-122.40855118439394, 37.80894252176208], [-122.40853920902585, 37.80894925743086], [-122.40852069650205, 37.80903570272344], [-122.40850704872555, 37.80903385349285], [-122.40852556012928, 37.80894740822077], [-122.4085170633033, 37.80893789916963], [-122.40849652729388, 37.80893511780276], [-122.40848455078651, 37.80894185348427], [-122.40846603933635, 37.80902829875003], [-122.40845239042716, 37.80902644953158], [-122.40847090302817, 37.80894000424957], [-122.40846240507454, 37.808930495212785], [-122.40844398125101, 37.808927999587794], [-122.40843200587551, 37.808934735245636], [-122.40841349323053, 37.809021180521626], [-122.40839984432388, 37.80901933129711], [-122.40841835698431, 37.80893288602322], [-122.40840985903822, 37.80892337698261], [-122.40838794719456, 37.80892040877888], [-122.4083759718152, 37.80892714443105], [-122.40835746024227, 37.80901358967999], [-122.40834381136169, 37.809011741349856], [-122.40836232294994, 37.808925296102956], [-122.40835382614739, 37.80891578704002], [-122.40833145149247, 37.808912755118804], [-122.40831947499687, 37.808919491684485], [-122.40830096336008, 37.8090059369247], [-122.40828731445905, 37.80900408768714], [-122.40830582724668, 37.80891764243067], [-122.40829733045226, 37.80890813336356], [-122.40827780209676, 37.8089054879593], [-122.40826582557432, 37.80891222361868], [-122.40824731387687, 37.80899866885064], [-122.4082336649786, 37.80899681960687], [-122.40825217671454, 37.8089103752779], [-122.40824367990464, 37.80890086530609], [-122.40822020873337, 37.80889768618396], [-122.40820823334236, 37.8089044218191], [-122.4081897215798, 37.808990867042084], [-122.40817607270756, 37.808989018692536], [-122.40819458448554, 37.808902573471656], [-122.40818608768392, 37.80889306349564], [-122.40816565314645, 37.808890295750466], [-122.40815393074433, 37.80889706333526], [-122.40813811137808, 37.808983875940704], [-122.4081244579203, 37.80898202585696], [-122.4081402773022, 37.80889521325331], [-122.40813152756212, 37.80888567311983], [-122.40811249846033, 37.808883094411435], [-122.40810052194968, 37.80888983095484], [-122.4080820100422, 37.808976275260356], [-122.40806836117531, 37.80897442689833], [-122.40808687307506, 37.80888798169412], [-122.40807837744747, 37.80887847259284], [-122.40806114367355, 37.808876137897336], [-122.40804916827172, 37.80888287351635], [-122.40803065519393, 37.808969318733105], [-122.408017007465, 37.8089674703467], [-122.40803551942271, 37.80888102515043], [-122.40802702266708, 37.8088715160638], [-122.40800199215144, 37.80886812510734], [-122.40799001561, 37.808874860738726], [-122.40797150360075, 37.808961305927966], [-122.40795785471622, 37.808959456652275], [-122.40797636787629, 37.80887301144679], [-122.40796786999368, 37.80886350237425], [-122.40795100554286, 37.80886121756305], [-122.40793902902107, 37.808867954090175], [-122.40792051695419, 37.80895439927152], [-122.40790686807219, 37.80895254998991], [-122.40792538128989, 37.80886610479233], [-122.40791688455009, 37.80885659569771], [-122.40786828486229, 37.80885001179107], [-122.40789230000979, 37.808737870628875], [-122.40790594882883, 37.80873971901135], [-122.40788657155316, 37.808830200283566], [-122.4078950694446, 37.80883971026277], [-122.40791978304517, 37.80884305770322], [-122.40793175845232, 37.8088363220973], [-122.40795113567454, 37.80874584081775], [-122.40796478449657, 37.80874768919349], [-122.40794540731368, 37.80883817137596], [-122.40795390405502, 37.80884768046853], [-122.40797076963837, 37.808849965260954], [-122.40798274617742, 37.80884322963148], [-122.40800212218073, 37.80875274746123], [-122.40801577102847, 37.80875459673187], [-122.40799639388275, 37.80884507802189], [-122.40800489063143, 37.808854587110694], [-122.40802992114267, 37.808857978066634], [-122.40804189767775, 37.80885124243117], [-122.40806127476964, 37.80876076113385], [-122.40807492246165, 37.80876260951514], [-122.40805554654447, 37.80885309169716], [-122.40806404330165, 37.80886260078179], [-122.4080812759371, 37.80886493549524], [-122.4080932524454, 37.808858198953736], [-122.4081126283411, 37.80876771766641], [-122.40812627719434, 37.80876956692426], [-122.40810690017938, 37.8088600482321], [-122.40811539694393, 37.808869557313], [-122.40813400426458, 37.80887207795767], [-122.40814572666447, 37.80886531037484], [-122.40816228466417, 37.80877444479195], [-122.4081759380616, 37.80877629397057], [-122.40815938007819, 37.80886715955526], [-122.40816813097832, 37.808876700569165], [-122.4081889872899, 37.80887952637705], [-122.40820096267854, 37.80887279074382], [-122.40822033958217, 37.80878230942074], [-122.40823398841762, 37.808784157765245], [-122.40821461153014, 37.80887463909062], [-122.40822310831014, 37.80888414816373], [-122.40824657950043, 37.808887328186124], [-122.40825855486202, 37.80888059164617], [-122.40827793172069, 37.80879011121459], [-122.40829158055902, 37.8087919595525], [-122.40827220373954, 37.80888244088711], [-122.40828070052792, 37.80889194995607], [-122.40830022887995, 37.80889459535985], [-122.40831220539641, 37.80888785969698], [-122.40833158103305, 37.808797378374194], [-122.4083452298971, 37.80879922760669], [-122.40832585314124, 37.80888970895007], [-122.40833434993719, 37.80889921801515], [-122.4083567257005, 37.808902249016484], [-122.40836870107769, 37.80889551336624], [-122.40838807775971, 37.80880503111513], [-122.40840172662658, 37.808806880341095], [-122.40838234996079, 37.80889736259443], [-122.40839084674174, 37.80890687075455], [-122.40841275860465, 37.80890983985862], [-122.40842473395472, 37.8089031033019], [-122.40844411059369, 37.80881262194251], [-122.40845775946336, 37.80881447116198], [-122.40843838284061, 37.80890495252358], [-122.40844688078816, 37.80891446156209], [-122.40846530463168, 37.8089169580875], [-122.40847727997813, 37.80891022152539], [-122.40849665655483, 37.80881974015757], [-122.40851030540404, 37.80882158847015], [-122.40849092886664, 37.80891207074106], [-122.40849942568632, 37.80892157979414], [-122.40851996171527, 37.80892436206131], [-122.40853193819345, 37.80891762547537], [-122.40855131357009, 37.808827144116975], [-122.40856496244517, 37.80882899332413], [-122.40854558708459, 37.80891947468464], [-122.40855408391222, 37.808928983733836], [-122.40857687007117, 37.80893207113721], [-122.40858884654546, 37.80892533454547], [-122.40860822299013, 37.8088348531595], [-122.40862187073256, 37.80883670237844], [-122.408602494304, 37.80892718376654], [-122.40861099227521, 37.808936692793246], [-122.40863304321144, 37.80893968033383], [-122.40864501854642, 37.80893294375478], [-122.40866439492464, 37.80884246235973], [-122.40867804380528, 37.808844311553706], [-122.40865866744319, 37.80893479295097], [-122.40866716428697, 37.80894430199192], [-122.40868366173272, 37.808946536765774], [-122.40869563822277, 37.808939801064035], [-122.40871501340571, 37.808849319679226], [-122.40872866228884, 37.808851168867264], [-122.40870928596352, 37.80894164937194], [-122.4087177828378, 37.80895115931011], [-122.40873487643528, 37.80895347454984], [-122.40874685292181, 37.80894673884291], [-122.40876622804412, 37.80885625744971], [-122.40877987690666, 37.8088581057311], [-122.40876050066508, 37.808948587144805], [-122.40876899752345, 37.80895809617847], [-122.40878801867284, 37.808960673107855], [-122.40879999515572, 37.80895393739556], [-122.40881937021514, 37.80886345599375], [-122.4088330191035, 37.808865305169796], [-122.40881364290166, 37.80895578569137], [-122.40882213979081, 37.80896529562193], [-122.40884552323341, 37.80896846252678], [-122.40885749857684, 37.808961726827], [-122.40887687470371, 37.80887124539751], [-122.40889052359493, 37.808873094566906], [-122.40887114748429, 37.808963575998604], [-122.40887964435854, 37.80897308502426], [-122.4088992605293, 37.80897574242633], [-122.40891123698125, 37.80896900580184], [-122.40893061306772, 37.808878525264554], [-122.40894426080305, 37.80888037354527], [-122.408924884756, 37.808970854985674], [-122.40893338279655, 37.8089803648898], [-122.40895291117202, 37.8089830092847], [-122.40896488650803, 37.80897627357403], [-122.40898426250776, 37.80888579212718], [-122.40899791024587, 37.808887640401686], [-122.40897853542076, 37.80897812273321], [-122.40898703231052, 37.808987631751116], [-122.40900793653485, 37.808990462948074], [-122.40901991186708, 37.808983727231855], [-122.40903928780179, 37.80889324577608], [-122.4090529355657, 37.80889509494503], [-122.40903356075945, 37.80898557548384], [-122.4090420576802, 37.808995085398514], [-122.40906466033329, 37.80899814683993], [-122.40907663679712, 37.808991411099576], [-122.40909601266462, 37.80890092963467], [-122.40910966040816, 37.80890277789618], [-122.40909028457999, 37.808993260264174], [-122.40909878262121, 37.80900276925562], [-122.40912124508756, 37.80900581222763], [-122.40913322152431, 37.808999075580644], [-122.40915259618946, 37.808908594124965], [-122.40916624509441, 37.80891044326244], [-122.40914686930999, 37.80900092473872], [-122.40915536735926, 37.809010433726066], [-122.40917493910563, 37.809013085493184], [-122.4091869144032, 37.809006348859235], [-122.40920629014029, 37.80891586737648], [-122.40921993904792, 37.808917716507715], [-122.40920056332703, 37.80900819799277], [-122.40920906138402, 37.80901770697617], [-122.4092284051434, 37.80902032727793], [-122.40924038159595, 37.80901359152099], [-122.40925975613429, 37.80892311004795], [-122.4092734050214, 37.80892495827213], [-122.40925402938697, 37.8090154406667], [-122.40926252631621, 37.809024949664625], [-122.40928039962112, 37.80902737026208], [-122.4092923749346, 37.80902063451831], [-122.4093117505469, 37.80893015301838], [-122.4093253994366, 37.80893200123662], [-122.4093060238637, 37.809022483639566], [-122.4093145208004, 37.80903199263373], [-122.4093366162375, 37.809034985631754], [-122.40934859268259, 37.80902824986384], [-122.40936796822828, 37.80893776835481], [-122.4093816159854, 37.808939616584915], [-122.40936224045582, 37.80903009809613], [-122.40937073855918, 37.80903960796875], [-122.40939123018619, 37.80904238359438], [-122.40940320546885, 37.80903564693848], [-122.40942258095002, 37.80894516542062], [-122.4094362298684, 37.80894701452684], [-122.4094223173846, 37.809011984476626], [-122.40946599771024, 37.80903614527983], [-122.40956320633647, 37.80904682427609], [-122.40955049774489, 37.80902580204265], [-122.40954974901591, 37.808996693374176], [-122.4093873131687, 37.808720140155984], [-122.40934182666976, 37.80870943839386], [-122.4093438606386, 37.80870496069919], [-122.40931536178424, 37.808693029530396], [-122.40930211216825, 37.808696766854496], [-122.409262911972, 37.80876990287242], [-122.40924372212139, 37.808761869222366], [-122.40928698584342, 37.80868115133883], [-122.40926473934738, 37.80867183879203], [-122.40925149086802, 37.808675576092014], [-122.40921229061001, 37.80874871119259], [-122.40919309965804, 37.80874067845346], [-122.40923229990761, 37.80866754245839], [-122.40922717959535, 37.80865611599684], [-122.40921874098024, 37.80865258287552], [-122.40921230585836, 37.80865067464591], [-122.40919880505358, 37.80865546593407], [-122.40915786815064, 37.80873876773815], [-122.40914810535655, 37.80873595268196], [-122.40918907795424, 37.80865258091045], [-122.40918312229216, 37.80864201961272], [-122.40916109955242, 37.80863548816271], [-122.40914759988244, 37.80864027942663], [-122.40910648047105, 37.80872395095901], [-122.40909671768085, 37.80872113589858], [-122.40913787278714, 37.80863739439878], [-122.4091319171335, 37.80862683309853], [-122.40911090282465, 37.808620600738855], [-122.40909740315425, 37.808625391997055], [-122.40905610559106, 37.80870942597769], [-122.40904634394016, 37.80870661089471], [-122.40908767492736, 37.808622506983426], [-122.40908172041755, 37.80861194566215], [-122.40905903954182, 37.808605219370655], [-122.40904553987082, 37.80861001062294], [-122.40900405877805, 37.808694418853925], [-122.40899429599561, 37.808691603784986], [-122.40903581164798, 37.808607125605036], [-122.40902985716994, 37.80859656518192], [-122.40900797409147, 37.80859007470118], [-122.40899447441994, 37.80859486594764], [-122.40894726693729, 37.808690926662756], [-122.40893750415748, 37.808688111589106], [-122.40898474620107, 37.8085919809255], [-122.40897879170832, 37.80858141959897], [-122.408953211506, 37.808573833598906], [-122.40893971183391, 37.8085786248391], [-122.40889230998917, 37.80867508070365], [-122.4088825472135, 37.80867226562547], [-122.40892998361929, 37.80857573981252], [-122.40892402913565, 37.808565178483114], [-122.40889070323355, 37.80855529538617], [-122.40887720469618, 37.80856008660085], [-122.40882958037179, 37.80865699304023], [-122.40881981760097, 37.80865417795683], [-122.40886747535104, 37.80855720158741], [-122.40886152087775, 37.808546640254875], [-122.40883717344656, 37.80853941909411], [-122.40882367377326, 37.80854421032106], [-122.40877206954272, 37.808649215434166], [-122.4087525440081, 37.80864358525712], [-122.40880421736281, 37.80853844024776], [-122.40879826290005, 37.808527878912], [-122.40876952583756, 37.808519356239], [-122.4087560261635, 37.80852414745821], [-122.40870418222308, 37.80862964036972], [-122.4086846566988, 37.80862401018144], [-122.40873656976358, 37.808518377373744], [-122.40873061531205, 37.80850781603453], [-122.40869890795008, 37.80849841226838], [-122.40868540827537, 37.80850320347952], [-122.40863331384529, 37.80860920689261], [-122.40861378833175, 37.80860357669256], [-122.40866595188643, 37.808497433383465], [-122.40865999744662, 37.80848687204063], [-122.40863128789773, 37.80847835790113], [-122.4086177882222, 37.80848314910457], [-122.40856545519298, 37.80858963939634], [-122.40854592968977, 37.80858400918503], [-122.40859833182063, 37.808477378096526], [-122.4085923774152, 37.808466817651045], [-122.4085635282249, 37.80845826159584], [-122.40855002854858, 37.808463052791524], [-122.4084946060459, 37.808575827614064], [-122.40847508055158, 37.80857019739102], [-122.40853057218075, 37.80845728267301], [-122.40852461776342, 37.8084467213233], [-122.40848805151991, 37.80843587668897], [-122.4084745518429, 37.80844066787611], [-122.40841886152705, 37.80855398682023], [-122.40839933606738, 37.80854835748541], [-122.40845509546365, 37.808434896844254], [-122.40844914105884, 37.80842433549066], [-122.40841536199517, 37.80841431720287], [-122.40840186120514, 37.80841910930089], [-122.40834591394668, 37.80853295326629], [-122.408326388475, 37.80852732301858], [-122.40838240597249, 37.80841333823872], [-122.40837645046751, 37.8084027778006], [-122.40834104719279, 37.80839227749089], [-122.40832754751422, 37.80839706866118], [-122.4082713356403, 37.808511448585314], [-122.40825181020303, 37.80850581922604], [-122.40832537730064, 37.808356123972196], [-122.4083068815744, 37.808307430781966], [-122.4082335189734, 37.80827695739795], [-122.40819061964437, 37.80828990974395], [-122.4081029848484, 37.808473968524986], [-122.40807001030761, 37.808465507931004], [-122.40816828982938, 37.80825909367802], [-122.40816276042541, 37.808247564744846], [-122.40804627671702, 37.80819917892341], [-122.40802482708372, 37.80820565596525], [-122.40791949128057, 37.80842688657808], [-122.407886517917, 37.808418425914375], [-122.4079963801383, 37.80818768463795], [-122.4079908507895, 37.80817615659745], [-122.40792571262934, 37.80814909803449], [-122.40791313237838, 37.80815306770153], [-122.4078068762473, 37.808397990577774], [-122.40778711191189, 37.80839291925089], [-122.40790950077199, 37.808110807450504], [-122.40785930237958, 37.80809008509842], [-122.40783048394675, 37.80810022035734], [-122.4078694806056, 37.80820105130515], [-122.40786740300837, 37.80820511602417], [-122.40766010383093, 37.808254387678716], [-122.40770606550763, 37.80837563466809], [-122.40761426061216, 37.80839745539233], [-122.40750709321095, 37.80811474627851], [-122.40754829277834, 37.80810615198462], [-122.40753683388787, 37.80807180297113], [-122.40746294371023, 37.808042657920225], [-122.40744636271361, 37.80800736436061], [-122.40748685305911, 37.8079304969113], [-122.40743152072531, 37.80790358679816], [-122.40735466479434, 37.80804858710197], [-122.4066443564424, 37.80781797413599], [-122.40681612779015, 37.8099951411353], [-122.40678691583149, 37.8100170108182], [-122.406179044091, 37.81006857356236], [-122.40615109837104, 37.810045801062195], [-122.40615056009715, 37.81004580705798], [-122.4061500227505, 37.81004580492791], [-122.40614948524203, 37.810045796491956], [-122.40614894752528, 37.810045779948574], [-122.4061484107359, 37.81004575527921], [-122.40614787491991, 37.810045724285786], [-122.40614733889596, 37.81004568518469], [-122.4061468038223, 37.81004563885861], [-122.40614627083451, 37.810045585289224], [-122.40614573879712, 37.81004552449477], [-122.40614520882256, 37.81004545555603], [-122.40614467868593, 37.81004538031146], [-122.40614415177079, 37.81004529780522], [-122.40614362691832, 37.81004520715467], [-122.40614310301616, 37.81004510927917], [-122.4061425812231, 37.81004500506106], [-122.40614206262823, 37.810044892680395], [-122.40614154614228, 37.810044773957195], [-122.40614103285462, 37.81004464707146], [-122.40614052167601, 37.81004451384309], [-122.406140014854, 37.810044373334705], [-122.40613951011791, 37.810044225582914], [-122.40613900862634, 37.81004407147019], [-122.40613851035602, 37.81004391009577], [-122.40613801644251, 37.81004374144125], [-122.4061375257966, 37.81004356732667], [-122.40613703950731, 37.810043385932005], [-122.40613655757495, 37.81004319725728], [-122.40613607888704, 37.81004300222162], [-122.4061356056912, 37.810042799887505], [-122.40613513576302, 37.810042592093325], [-122.40613467132711, 37.81004237700077], [-122.40613421127117, 37.81004215552891], [-122.40613375675362, 37.81004192856031], [-122.40613330775146, 37.81004169519411], [-122.40613286197053, 37.81004145456617], [-122.40613242399905, 37.810041208404755], [-122.40613198929523, 37.81004095678329], [-122.40613156124212, 37.81004069874583], [-122.40613113870441, 37.81004043431088], [-122.40613072172825, 37.81004016527989], [-122.40613031253838, 37.81003988981465], [-122.4061299066162, 37.81003960888931], [-122.40612950848015, 37.81003932152972], [-122.40612911704116, 37.81003902955584], [-122.4061287322762, 37.810038732066744], [-122.40612835304967, 37.81003842908099], [-122.40612798165569, 37.81003812146256], [-122.40612761580014, 37.810037808347396], [-122.40612725775404, 37.81003748969874], [-122.40612690642806, 37.8100371673366], [-122.40612656291158, 37.81003683944109], [-122.40612622606896, 37.81003650603045], [-122.40612589596968, 37.81003616980714], [-122.40612557481525, 37.810035828032085], [-122.40612526035788, 37.810035481642664], [-122.40612495375622, 37.81003513152153], [-122.40612465385152, 37.81003477678604], [-122.40612436293807, 37.81003441830041], [-122.406124079857, 37.81003405518223], [-122.40612380463162, 37.81003368833219], [-122.40612353728498, 37.81003331865118], [-122.40612327892948, 37.81003294522008], [-122.40612302840655, 37.8100325671563], [-122.40612278689788, 37.81003218624324], [-122.40612255213244, 37.81003180251753], [-122.40612232749355, 37.8100314150234], [-122.40612211073348, 37.810031024698205], [-122.40612190185219, 37.810030631542155], [-122.40612170312055, 37.81003023551841], [-122.40612151226775, 37.81002983666367], [-122.4061213304291, 37.810029434959674], [-122.40612115649242, 37.81002903132553], [-122.40612099270544, 37.81002862482372], [-122.40612083682029, 37.810028216391785], [-122.40612069110807, 37.81002780599298], [-122.40612055329771, 37.81002739366412], [-122.40612042566006, 37.810026979368395], [-122.40612030705991, 37.8100265631242], [-122.40612019752015, 37.81002614583243], [-122.40612009701778, 37.8100257265921], [-122.40612000557594, 37.81002530630416], [-122.40611992317137, 37.81002488406773], [-122.40611984985046, 37.81002446168454], [-122.40611978672558, 37.81002403823535], [-122.4061197326611, 37.810023613738444], [-122.40611968765715, 37.810023188194], [-122.4061196528953, 37.810022763385135], [-122.4059038862709, 37.807159702359286], [-122.4053218836067, 37.80686694247533], [-122.40440341598011, 37.80884848175482], [-122.40440296074415, 37.808849421856664], [-122.40440264801697, 37.808850028012586], [-122.40440232268452, 37.80885062986596], [-122.4044019835881, 37.80885122653434], [-122.40440163075095, 37.8088518189186], [-122.40440126528543, 37.80885240609945], [-122.40440088832685, 37.80885298805861], [-122.404400496492, 37.80885356575202], [-122.40440009311808, 37.808854136422035], [-122.4043996771387, 37.808854702789525], [-122.40439924962014, 37.808855262133726], [-122.40439880833772, 37.808855816292876], [-122.4043983555161, 37.80885636342869], [-122.40439789117832, 37.808856904442045], [-122.40439741418898, 37.8088574393511], [-122.40439692681895, 37.80885796811941], [-122.40439642675123, 37.808858488981805], [-122.40439591627963, 37.80885900280257], [-122.40439539313344, 37.80885950961831], [-122.404394860742, 37.808860010274884], [-122.40439431562966, 37.808860502124745], [-122.40439376011352, 37.80886098693296], [-122.40439319417048, 37.8088614637986], [-122.40439261893597, 37.808861932703394], [-122.40439203213919, 37.80886239368408], [-122.40439143605097, 37.808862846703846], [-122.40439082951268, 37.80886329088029], [-122.40439021368289, 37.80886372709582], [-122.4043895885385, 37.80886415444968], [-122.40438895407964, 37.80886457294189], [-122.40438831030615, 37.808864982572445], [-122.40438765721818, 37.80886538334126], [-122.40438699595101, 37.80886577523001], [-122.40438632650473, 37.80886615823877], [-122.40438564772067, 37.80886653148505], [-122.40438496186988, 37.808866894932066], [-122.40438426668142, 37.80886724861661], [-122.40438356558462, 37.808867593384484], [-122.40438285628575, 37.8088679283714], [-122.40438213876136, 37.80886825267672], [-122.40438141532876, 37.80886856806529], [-122.40438068480626, 37.80886887275384], [-122.40437994719385, 37.80886916674238], [-122.40437920367313, 37.80886945181426], [-122.40437845419792, 37.808869726167686], [-122.4043776987683, 37.80886998980278], [-122.40437693738417, 37.808870242719586], [-122.40437617118093, 37.80887048489962], [-122.40437539904637, 37.80887071726212], [-122.40437462206971, 37.808870937987116], [-122.40437384029705, 37.80887114887622], [-122.40437305481768, 37.80887134810949], [-122.40437226451931, 37.8088715366061], [-122.40437146940181, 37.808871714366], [-122.40437067060081, 37.80887188137078], [-122.40436986922842, 37.808872036701416], [-122.4043690641725, 37.808872181277025], [-122.40436825654528, 37.80887231417839], [-122.40436744523444, 37.80887243632473], [-122.40436663137542, 37.808872547697774], [-122.40436581605746, 37.808872646477354], [-122.40436499821443, 37.808872735384504], [-122.40436417891249, 37.80887281169822], [-122.40436335708543, 37.80887287813941], [-122.40436253379946, 37.80887293198728], [-122.40436171021307, 37.808872974124164], [-122.40436088634941, 37.80887300545109], [-122.40436006104981, 37.80887302508546], [-122.40435923547304, 37.808873033909876], [-122.40435841073116, 37.80887303100503], [-122.40435758568907, 37.80887301638927], [-122.40435676036948, 37.8088729909635], [-122.40435593702048, 37.80887295379031], [-122.40435511337101, 37.80887290490611], [-122.40435429171522, 37.80887284517524], [-122.40435347089434, 37.80887277371517], [-122.40435265204404, 37.808872690507556], [-122.40435183518724, 37.808872596453305], [-122.40435102030087, 37.80887249065149], [-122.4043502085667, 37.80887237488544], [-122.40434939880292, 37.808872247371816], [-122.40434859214507, 37.808872108092444], [-122.4043477886163, 37.80887195794796], [-122.40434698819335, 37.808871796037565], [-122.40434619205803, 37.8088716241447], [-122.404345400164, 37.80887144046766], [-122.40434461139898, 37.80887124592561], [-122.40431661749206, 37.80881878976589], [-122.4039378922445, 37.80876165648492], [-122.4039367538246, 37.808761336909406], [-122.4039359822816, 37.808761105137016], [-122.40393521500306, 37.80876086248126], [-122.40393445428298, 37.8087606098063], [-122.40393369782745, 37.808760346248086], [-122.40393294906573, 37.80876007265234], [-122.40393220570395, 37.80875978815486], [-122.40393146776533, 37.80875949365659], [-122.40393073752051, 37.80875918912078], [-122.40393001383426, 37.80875887456579], [-122.40392929670645, 37.80875854999167], [-122.40392858727253, 37.808758215379974], [-122.40392788439709, 37.80875787074923], [-122.4039271903741, 37.80875751696337], [-122.40392650404499, 37.80875715314006], [-122.40392582543294, 37.808756780180026], [-122.40392515567339, 37.80875639806504], [-122.4039244936076, 37.808756005912535], [-122.40392384155287, 37.80875560548763], [-122.40392319721511, 37.80875519592592], [-122.40392256175294, 37.808754778110135], [-122.40392193625563, 37.80875435022016], [-122.40392132076911, 37.808753914057654], [-122.40392071418137, 37.808753470541944], [-122.40392011758156, 37.80875301785285], [-122.40391953099258, 37.80875255689121], [-122.40391895443786, 37.808752088557966], [-122.40391838900631, 37.8087516110331], [-122.40391783363202, 37.80875112703738], [-122.40391728826862, 37.80875063476909], [-122.4039167552103, 37.80875013509263], [-122.40391623218595, 37.80874962804442], [-122.40391572148978, 37.80874911448875], [-122.40391522080449, 37.808748592660606], [-122.40391473360587, 37.80874806520752], [-122.40391425644123, 37.80874753038274], [-122.4039137916048, 37.80874698905051], [-122.4039133390962, 37.80874644121084], [-122.40391289780351, 37.8087458877828], [-122.40391246997427, 37.80874532782898], [-122.40391205338385, 37.80874476318772], [-122.40391164912148, 37.808744192038894], [-122.40391125832251, 37.80874361436435], [-122.403910879921, 37.80874303288481], [-122.40391051500606, 37.80874244578029], [-122.40391016246531, 37.80874185397003], [-122.40390982227575, 37.808741256553056], [-122.40390949673137, 37.80874065439369], [-122.40390918358437, 37.808740048429286], [-122.40390888397003, 37.80873943864163], [-122.40390859786551, 37.80873882412982], [-122.40390832529376, 37.80873820579474], [-122.40390806627788, 37.80873758453712], [-122.40390782193019, 37.808736959438], [-122.40390758997987, 37.80873633053383], [-122.40390737272082, 37.808735698688906], [-122.40390716901778, 37.80873506392152], [-122.40390697887061, 37.80873442623168], [-122.40390680457324, 37.808733786483536], [-122.40390664271943, 37.80873314473212], [-122.40390649555701, 37.80873250003987], [-122.40390636199668, 37.80873185422695], [-122.40390624315073, 37.80873120637394], [-122.40390613901924, 37.80873055648106], [-122.40390604848986, 37.8087299054674], [-122.40390597267486, 37.80872925241377], [-122.40390591164362, 37.80872860002267], [-122.40390586421441, 37.808727946510814], [-122.40390583038734, 37.80872729187812], [-122.4039058124564, 37.808726636988894], [-122.40390580815051, 37.80872598187963], [-122.4039058186285, 37.80872532743299], [-122.4039058438671, 37.808724672748056], [-122.40390588275389, 37.808724018744066], [-122.40390593642445, 37.80872336540253], [-122.40390600487879, 37.80872271272358], [-122.40390608700443, 37.80872206162631], [-122.40390618389081, 37.80872141029084], [-122.40390629447162, 37.80872076143784], [-122.40390641985931, 37.80872011414826], [-122.40390655894139, 37.808719469341305], [-122.40390671280736, 37.80871882519681], [-122.4039068803908, 37.808718184435826], [-122.40390706166885, 37.80871754615733], [-122.40390725775367, 37.80871690944219], [-122.4039074675561, 37.80871627611045], [-122.40390769105298, 37.808715645261344], [-122.40390792942598, 37.8087150186781], [-122.40390818035816, 37.80871439459566], [-122.40390844500781, 37.80871377389666], [-122.40390872342128, 37.80871315838279], [-122.40471741650285, 37.8069713404876], [-122.40395644596428, 37.806579081444625], [-122.40276966697532, 37.808006921213625], [-122.40276882864373, 37.80800789452598], [-122.40276834701409, 37.808008425898485], [-122.40276785386865, 37.80800895114842], [-122.40276734802573, 37.80800946849227], [-122.40276683293767, 37.808009979676754], [-122.40276630401686, 37.808010482973636], [-122.40276576582801, 37.80801097921032], [-122.40276521723558, 37.808011468405184], [-122.40276465705807, 37.80801194877488], [-122.40276408647695, 37.808012422102735], [-122.40276350546932, 37.80801288748792], [-122.40276291403501, 37.80801334493047], [-122.40276231328649, 37.80801379351116], [-122.40276170211139, 37.80801423414923], [-122.40276108275737, 37.80801466590708], [-122.40276045297675, 37.80801508972234], [-122.40275981385885, 37.808015503774925], [-122.40275916544975, 37.80801590986658], [-122.40275850770325, 37.80801630619553], [-122.40275784291333, 37.80801669362596], [-122.40275716994452, 37.80801707217637], [-122.40275648650301, 37.808017440982404], [-122.40275579713041, 37.80801779997082], [-122.40275509844348, 37.80801815009739], [-122.40275439380235, 37.80801848950556], [-122.40275368098244, 37.808018820033496], [-122.402752961096, 37.80801914076228], [-122.40275223409688, 37.80801944989004], [-122.40275150005435, 37.80801975011931], [-122.40275076008069, 37.80802004053102], [-122.40275001412974, 37.80802031932339], [-122.40274926113534, 37.80802058921729], [-122.4027485032992, 37.808020847473685], [-122.40274773953197, 37.80802109591244], [-122.40274696981047, 37.80802133363269], [-122.40274619527027, 37.808021560616176], [-122.40274541704673, 37.808021776844654], [-122.40274463284598, 37.80802198145382], [-122.40274384498498, 37.808022176208645], [-122.40274305230508, 37.808022360226786], [-122.4027422558959, 37.80802253168822], [-122.40274145584944, 37.80802269419613], [-122.40274065207339, 37.808022844147345], [-122.40273984574961, 37.80802298332516], [-122.40273903685467, 37.80802311082869], [-122.40273822429961, 37.80802322847804], [-122.40273741028594, 37.808023333533974], [-122.40273659372421, 37.8080234278165], [-122.40273577461464, 37.808023511325565], [-122.40273495404648, 37.808023582241304], [-122.40273413206566, 37.80802364236533], [-122.40273330864949, 37.808023690796745], [-122.40273248495608, 37.80802372841822], [-122.40273165985029, 37.80802375524789], [-122.4027308355566, 37.80802376944752], [-122.40273000982745, 37.80802377195462], [-122.40272918384423, 37.80802376455251], [-122.40272835867336, 37.80802374452043], [-122.40272753433766, 37.808023712759045], [-122.40272671088337, 37.808023671070174], [-122.40272588824132, 37.80802361675135], [-122.40272506759311, 37.80802355158578], [-122.40272424778013, 37.80802347469104], [-122.40272342882548, 37.808023386967896], [-122.40272261297697, 37.808023287479024], [-122.40272180023467, 37.80802317622427], [-122.40272098950919, 37.80802305502366], [-122.40272018075437, 37.80802292207552], [-122.40271937510575, 37.80802277736164], [-122.40271857372171, 37.8080226217644], [-122.40271777546691, 37.80802245530217], [-122.4027169814768, 37.808022277956624], [-122.40271619059273, 37.808022088845206], [-122.40271540399644, 37.808021889751394], [-122.40271462280015, 37.80802167975586], [-122.40271384586855, 37.808021458877114], [-122.40271307433703, 37.80802122709669], [-122.40271230707015, 37.80802098443294], [-122.40271154522641, 37.808020731768444], [-122.40271078991807, 37.80802046818404], [-122.402710040033, 37.80802019459874], [-122.40270929668343, 37.808019910093584], [-122.40270855989232, 37.80801961556922], [-122.4027078285013, 37.808019310143315], [-122.40270710482743, 37.80801899558079], [-122.40270638771214, 37.808018670999196], [-122.4027056782908, 37.808018336380165], [-122.40270497656341, 37.808017991723695], [-122.40270428255317, 37.80801763793059], [-122.40270359512458, 37.80801727501924], [-122.40235656291517, 37.807840795680114], [-122.40235536574122, 37.80783964522181], [-122.40235459623544, 37.807838871780085], [-122.40235384348391, 37.80783808725361], [-122.40235310750971, 37.807837292543205], [-122.40235239060695, 37.80783648851303], [-122.4023516904585, 37.8078356733982], [-122.40235100940437, 37.80783484986451], [-122.40235034512769, 37.807834016146806], [-122.40234970108075, 37.80783317399198], [-122.40234907383436, 37.807832322554056], [-122.40234846681776, 37.807831462678934], [-122.40234787778319, 37.807830595304154], [-122.40234730784313, 37.80782971951043], [-122.40234675813278, 37.80782883527952], [-122.4023462275631, 37.80782794443145], [-122.4023457172231, 37.80782704514619], [-122.40234522604679, 37.80782614014459], [-122.40234475514646, 37.807825228507426], [-122.40234430336359, 37.80782430935227], [-122.40234387303833, 37.80782338534495], [-122.40234346298907, 37.807822454702084], [-122.40234307326192, 37.80782151922543], [-122.40234270383382, 37.80782057801409], [-122.40234235586333, 37.80781963195059], [-122.40234202821487, 37.80781868105323], [-122.4023417220472, 37.807817726204654], [-122.40234143620154, 37.80781676652214], [-122.40234117299507, 37.807815803770836], [-122.4023409289984, 37.80781483710487], [-122.4023407076409, 37.80781386737006], [-122.40234050665171, 37.8078128946032], [-122.40234032830165, 37.807811918767435], [-122.40234017147834, 37.80781094078213], [-122.4023400350696, 37.80780996156629], [-122.4023399201876, 37.807808980200726], [-122.40233982799096, 37.807807997568126], [-122.40233975620872, 37.80780701370497], [-122.4023397071118, 37.807806028574745], [-122.40233967956478, 37.80780504219574], [-122.40233967363677, 37.807804057270445], [-122.40233968928193, 37.80780307199712], [-122.40233972649996, 37.807802086375894], [-122.40233978531403, 37.80780110130751], [-122.40233986577033, 37.80780011859359], [-122.40233996779953, 37.807799135531766], [-122.40234009147103, 37.80779815482451], [-122.40234023676159, 37.80779717557088], [-122.40234040371749, 37.807796199572664], [-122.40234059229248, 37.80779522502819], [-122.4023408013973, 37.80779425375738], [-122.40234103216756, 37.807793285741916], [-122.40234128571527, 37.807792320062745], [-122.40234155868065, 37.80779135857627], [-122.40234185333433, 37.80779040124614], [-122.40234216854094, 37.80778944809052], [-122.40234250543601, 37.807788499091075], [-122.40234286290705, 37.80778755516698], [-122.40234323981865, 37.807786616336564], [-122.40234363957713, 37.807785682544875], [-122.40234405879943, 37.807784754747736], [-122.4023444986208, 37.80778383292677], [-122.4023449579058, 37.80778291710027], [-122.40234543781297, 37.807782008150916], [-122.40234593720696, 37.80778110609684], [-122.40234645722322, 37.80778021091975], [-122.40342219110252, 37.80647148796015], [-122.40280423454536, 37.80602277416355], [-122.40094960380146, 37.80763338594346], [-122.40094905902652, 37.807633847130724], [-122.40094867844114, 37.80763415516986], [-122.40094829090485, 37.80763445791371], [-122.40094789755307, 37.807634755344054], [-122.40094749727353, 37.80763504838006], [-122.40094709113228, 37.80763533430086], [-122.40094667804021, 37.80763561492646], [-122.40094625913254, 37.80763589023855], [-122.40094583438635, 37.807636159336205], [-122.40094540382476, 37.807636423120385], [-122.40094496740154, 37.807636679789404], [-122.40094452516269, 37.80763693114493], [-122.40094407822087, 37.80763717626775], [-122.40094362544043, 37.80763741517624], [-122.40094316682142, 37.80763764787034], [-122.40094270347626, 37.80763787343099], [-122.40094223658646, 37.80763809364154], [-122.400941763835, 37.80763830673686], [-122.40094128638043, 37.8076385135995], [-122.40094080419958, 37.8076387133287], [-122.40094031845115, 37.80763890680688], [-122.40093982797644, 37.807639093151636], [-122.400939333934, 37.807639273245385], [-122.40093883516533, 37.80763944620573], [-122.40093833394135, 37.80763961199593], [-122.40093782799121, 37.80763977065262], [-122.40093731958558, 37.80763992213922], [-122.4009368076123, 37.80764006737486], [-122.40093629202521, 37.807640204557906], [-122.40093577400577, 37.80764033547163], [-122.40093525239557, 37.807640459233646], [-122.40093472830696, 37.8076405749247], [-122.40093420292145, 37.80764068432817], [-122.40093367392208, 37.80764078567909], [-122.4009331436028, 37.80764087984152], [-122.40093261082811, 37.80764096683383], [-122.40093207671036, 37.807641045737], [-122.40093154129573, 37.807641118352635], [-122.40093100340277, 37.80764118289727], [-122.4009304641898, 37.8076412402535], [-122.40092992363383, 37.80764128952051], [-122.4009293829164, 37.807641332481744], [-122.40092884083293, 37.80764136645281], [-122.400928298588, 37.80764139411804], [-122.40092775499998, 37.80764141369404], [-122.40092721122745, 37.80764142606342], [-122.4009266683828, 37.807641430306894], [-122.40092612424118, 37.807641428262826], [-122.40092558100443, 37.807641417192045], [-122.40092503758311, 37.80764139891465], [-122.40092449513563, 37.80764137431302], [-122.40092395245759, 37.807641340703064], [-122.40092341075355, 37.80764130076898], [-122.40092287111271, 37.80764125269071], [-122.40092233128735, 37.80764119740578], [-122.40092179352513, 37.80764113397673], [-122.40092125673694, 37.80764106422347], [-122.40092072314742, 37.80764098630779], [-122.40092018937345, 37.807640901185465], [-122.40091965882102, 37.80764080880145], [-122.4009191291966, 37.807640708291686], [-122.40091860281683, 37.80764060142121], [-122.40091807850035, 37.80764048640651], [-122.40091755631632, 37.807640365950185], [-122.4009170384434, 37.80764023641227], [-122.40091652267967, 37.80764010053199], [-122.40091600900237, 37.807639957408384], [-122.40091549968218, 37.80763980700481], [-122.40091499358373, 37.80763964933969], [-122.40091449073005, 37.807639485313814], [-122.40091399109801, 37.80763931402634], [-122.40091349582325, 37.807639135458956], [-122.40091300495176, 37.80763895141342], [-122.40091251730186, 37.807638760106194], [-122.40091203514469, 37.80763856150082], [-122.40091155734459, 37.80763835561555], [-122.40091108281237, 37.807638144270356], [-122.40091061379569, 37.807637926527754], [-122.40091014913621, 37.80763770150531], [-122.4009096911278, 37.80763747006714], [-122.40090923638722, 37.80763723316915], [-122.40090878829767, 37.80763698985547], [-122.40090834458842, 37.807636740162664], [-122.40090790639472, 37.80763648407258], [-122.40090747485205, 37.80763622156675], [-122.40090704887118, 37.80763595446528], [-122.40090662838278, 37.80763568006567], [-122.4009062134562, 37.80763540107028], [-122.40090580631612, 37.80763511564104], [-122.40090540471475, 37.80763482471519], [-122.40039906822602, 37.80726174380871], [-122.40058827732369, 37.80602241353753], [-122.40058900050177, 37.806021999944164], [-122.40178699988185, 37.805314000051425], [-122.40227000054828, 37.805127000412014], [-122.40315499981304, 37.8051220001141], [-122.40349500004032, 37.805088999894956], [-122.40517400051621, 37.80476299955129], [-122.40498600055588, 37.803832999683294], [-122.404797999434, 37.8029009996648], [-122.40352099952877, 37.80305500031976], [-122.40316000018245, 37.80309799972436], [-122.40297399973599, 37.80216700027395], [-122.40288100014357, 37.80169800009801], [-122.40278999995962, 37.801241999960276], [-122.4026039994484, 37.80030700018739], [-122.40242100043687, 37.799382000104664], [-122.40222899948584, 37.79843000041589], [-122.40219200001431, 37.79825000015025], [-122.40204100007708, 37.79750500002749], [-122.40288699971117, 37.797395999685314], [-122.40367599974876, 37.797297999769164], [-122.40405799988149, 37.797249999926954], [-122.40477000013753, 37.79716000040229], [-122.40531799992708, 37.797090000219], [-122.40551299953815, 37.79706500039374], [-122.4062259995664, 37.79755900029376], [-122.40666800028734, 37.79786500010134], [-122.40708300051753, 37.79815200033797], [-122.40786900022299, 37.79869700000102], [-122.40901400030491, 37.799489999714964], [-122.4102070001416, 37.80031499986262], [-122.41095400040065, 37.80083299988694], [-122.41137600033365, 37.80112499986388], [-122.41254100023258, 37.80193099979643], [-122.41290800040426, 37.80218399966503], [-122.41371900032492, 37.80274300041771], [-122.41487700047371, 37.80354199981088], [-122.41544599967787, 37.803936999871596], [-122.41605100009784, 37.80435600011511], [-122.4168180003936, 37.80488700036152], [-122.41688800002433, 37.80521200037706], [-122.41722600031191, 37.805169999798814], [-122.41838099990375, 37.80597700007548], [-122.41871799968254, 37.805931999694444], [-122.41878199983152, 37.8062409997317], [-122.41890800034959, 37.806863000248235], [-122.41908600030646, 37.807802999624826], [-122.4192099999327, 37.80838799968569], [-122.41922399517857, 37.808452977317536], [-122.41910398905952, 37.808467511023295], [-122.41912189708181, 37.80854504286208], [-122.41898090361302, 37.808562116901314], [-122.41896591948546, 37.808484231057776], [-122.41788570081518, 37.80861503927942], [-122.41792254073017, 37.80882192070663], [-122.41801111269939, 37.80884076480037], [-122.41889477712704, 37.8088357715572], [-122.41889426946369, 37.808760451141076], [-122.41893161721532, 37.80875756071572], [-122.41893472044431, 37.80888095639319], [-122.41994752063732, 37.808902026893975], [-122.4199383421898, 37.80912566782514], [-122.41908267371818, 37.809090778077525], [-122.41907711308463, 37.80915724910185], [-122.41888668155039, 37.80908358686349], [-122.41835944927874, 37.80906869256339], [-122.41831405182084, 37.80914453792911], [-122.41896994474664, 37.80939747055021], [-122.41893130772364, 37.809449460136825], [-122.41789669991591, 37.809029277088015], [-122.41794042019129, 37.808939633676886], [-122.41794684870233, 37.80886991596094], [-122.41798661038268, 37.80886926934962], [-122.41798631035728, 37.80884090499348], [-122.41792354380706, 37.80882755138569], [-122.41784400540475, 37.808830107394954], [-122.41781136139512, 37.808646781173586], [-122.41772604401072, 37.80864556758435], [-122.41773131660206, 37.808592877238155], [-122.41762515206464, 37.808591972814824], [-122.41760160439021, 37.80857920520509], [-122.41748894478998, 37.8085836666344], [-122.41748473455375, 37.808420659979525], [-122.41758724384704, 37.80840847257757], [-122.41757668522544, 37.8083849730305], [-122.41766931603942, 37.80837557590458], [-122.41765387994066, 37.80829165914677], [-122.41737612578689, 37.808325107495726], [-122.41734484917762, 37.808141499371125], [-122.41634622049956, 37.80826030937461], [-122.41635461591052, 37.808328559572004], [-122.41630501891763, 37.80833462491283], [-122.41633852262139, 37.80847611322063], [-122.41718485810793, 37.80849655230206], [-122.41718249321347, 37.80853341424055], [-122.41632679769731, 37.808505811188446], [-122.41628243154766, 37.808487546240805], [-122.4161501496356, 37.8085028459526], [-122.41614446878036, 37.80853976173564], [-122.41620663875787, 37.808543931818306], [-122.41618692323928, 37.808853983983276], [-122.41742824221214, 37.808927154401715], [-122.41741314966272, 37.8091661973329], [-122.4192909948216, 37.810403373338836], [-122.41931456195182, 37.810380611845645], [-122.4198339988409, 37.81073513152114], [-122.41980786030426, 37.8107539957778], [-122.42059503759154, 37.81126698827615], [-122.42035346961387, 37.81150956340758], [-122.42000182534531, 37.8112807471228], [-122.41984571327912, 37.811320054172036], [-122.41995152095662, 37.81156302785063], [-122.41991573341389, 37.81157429427028]]], [[[-122.42057240937383, 37.811936224204665], [-122.42080509333645, 37.81185137467591], [-122.42081200021315, 37.811878999680644], [-122.4208120192032, 37.81187907507314], [-122.42058136524615, 37.81196318320574], [-122.41979949048529, 37.81201579009311], [-122.41979656653534, 37.81198842464184], [-122.42057240937383, 37.811936224204665]]]]}, "properties": {"name": "North Beach", "kind": "analysis_neighborhood", "source": "DataSF Analysis Neighborhoods (j2bu-swwd)", "as_of": "2026-09-22T19:45:36+00:00"}}, {"type": "Feature", "geometry": {"type": "MultiPolygon", "coordinates": [[[[-122.41147199953794, 37.79506099996867], [-122.41136399995663, 37.79452699960673], [-122.41053799989348, 37.7946309998337], [-122.41007300043037, 37.794690000316365], [-122.40972200001421, 37.79473699969498], [-122.40954100043022, 37.79385199985745], [-122.40953599970064, 37.7937769999417], [-122.40948800011824, 37.79355599970204], [-122.40936099952606, 37.79297100020096], [-122.40925799978389, 37.79246900020345], [-122.4091710000045, 37.79204299983456], [-122.40886399946865, 37.79208000016223], [-122.40836399958793, 37.79214100001205], [-122.40808900050466, 37.79217899982324], [-122.407536000341, 37.79224899983939], [-122.4074170003859, 37.79166800011643], [-122.40734000048411, 37.79129599961452], [-122.40720899985405, 37.79065800011342], [-122.40714900033723, 37.79036599996371], [-122.40749999952203, 37.79032199994297], [-122.40786900034998, 37.790275000351265], [-122.40796999970452, 37.790263000326895], [-122.40878600019867, 37.79016000015766], [-122.40872299965676, 37.78985299991825], [-122.40859500009617, 37.78922600012372], [-122.40840200006792, 37.78829299997248], [-122.41005699998139, 37.78808200039115], [-122.41169899959462, 37.78787200019901], [-122.41234400048319, 37.78778999954955], [-122.41253099995262, 37.78776700003489], [-122.41273600053151, 37.78774100005242], [-122.41335400018475, 37.78766400011838], [-122.41499500013373, 37.78745399967691], [-122.41663900038145, 37.787244999914414], [-122.41699000036854, 37.787201000117356], [-122.41827099972097, 37.787037999988634], [-122.41992800004121, 37.78682799994832], [-122.42156999955779, 37.7866189995935], [-122.42168899946351, 37.78668899966732], [-122.42176500013807, 37.787061999825], [-122.42184200034572, 37.78744199959336], [-122.42175799980342, 37.78754799990399], [-122.42187899991167, 37.787628000434935], [-122.42195500023108, 37.788001000443614], [-122.4220319996372, 37.78838299986568], [-122.42194899964524, 37.7884899996411], [-122.42207000035877, 37.788569999980965], [-122.42214499986545, 37.78894299992751], [-122.42221899972091, 37.789306000000884], [-122.42213499985542, 37.78941199960631], [-122.42225700047432, 37.78949199969014], [-122.42240800039396, 37.790241000171285], [-122.42232900025733, 37.79037000029706], [-122.42245499955116, 37.79047200035745], [-122.42259899956053, 37.79118300045524], [-122.42251500038486, 37.791289000258104], [-122.42263599945746, 37.791369000087435], [-122.42277800010044, 37.792068000383566], [-122.422693999938, 37.792174999748426], [-122.42105300033865, 37.79238299965715], [-122.4194020000791, 37.79259300037244], [-122.41886000044832, 37.792662999809195], [-122.41775899946255, 37.79280400036115], [-122.41644300024454, 37.792971999548605], [-122.41611300021154, 37.79301400044634], [-122.41629200022011, 37.7938920000073], [-122.41647299998536, 37.79477699979309], [-122.41665299993231, 37.795670000229194], [-122.41670399984969, 37.79592499961114], [-122.41674100012995, 37.7961100003764], [-122.41681899992915, 37.79649900021866], [-122.41683899979175, 37.796595999841585], [-122.41693099993783, 37.797051000369095], [-122.416936000052, 37.797075000405414], [-122.41703000033088, 37.79754100007106], [-122.41721800020179, 37.79847199968085], [-122.41557199957359, 37.798680000074654], [-122.41457299963544, 37.79880600040869], [-122.41393100011551, 37.798887999808514], [-122.41293500015314, 37.799013999666315], [-122.41228300033903, 37.799095999949856], [-122.41209600020683, 37.798164999879454], [-122.41207399994468, 37.79805700027238], [-122.41188799999192, 37.79713200005361], [-122.41188300034878, 37.79710499968689], [-122.41171899981416, 37.79629099982948], [-122.41163000031048, 37.795851000012256], [-122.41154199976809, 37.79540900034705], [-122.41147199953794, 37.79506099996867]]]]}, "properties": {"name": "Nob Hill", "kind": "analysis_neighborhood", "source": "DataSF Analysis Neighborhoods (j2bu-swwd)", "as_of": "2026-09-22T19:45:36+00:00"}}, {"type": "Feature", "geometry": {"type": "MultiPolygon", "coordinates": [[[[-122.42648642696419, 37.80816384578536], [-122.42649553671173, 37.80816055625287], [-122.42648644057252, 37.80816397623902], [-122.42648642696419, 37.80816384578536]]], [[[-122.42652180474077, 37.8081510708785], [-122.42652200055036, 37.808151000088955], [-122.42653499979518, 37.80828699982072], [-122.42653673471189, 37.80829651352661], [-122.42653460874273, 37.80828668177178], [-122.42652180474077, 37.8081510708785]]], [[[-122.42659669930877, 37.80862708132125], [-122.42659529601124, 37.80861765322199], [-122.42659700048031, 37.80862699979836], [-122.42659866260509, 37.80864259337504], [-122.42659669930877, 37.80862708132125]]], [[[-122.42661841461798, 37.808823309122225], [-122.4266360000741, 37.80879400008497], [-122.42663590228202, 37.80879478393554], [-122.42661845382463, 37.8088238131611], [-122.42661841461798, 37.808823309122225]]], [[[-122.4266219459041, 37.80890624325483], [-122.42662368167619, 37.80889254710134], [-122.42662199979313, 37.80890599994818], [-122.42662194928185, 37.808907029958704], [-122.4266219459041, 37.80890624325483]]], [[[-122.42661172342332, 37.809108401846586], [-122.4266122057739, 37.80910383382879], [-122.42661200037809, 37.8091079998874], [-122.42661114258387, 37.80911293902951], [-122.42661172342332, 37.809108401846586]]], [[[-122.42653580844055, 37.809439904072626], [-122.42653732484146, 37.80943534980587], [-122.42653599949482, 37.80944000008527], [-122.42653424871226, 37.80944427700206], [-122.42653580844055, 37.809439904072626]]], [[[-122.422843779438, 37.81025566506215], [-122.42136641239586, 37.80916113302567], [-122.4212103100574, 37.809190083291305], [-122.42103596418094, 37.80895711836207], [-122.4209441843801, 37.80896737213224], [-122.42091092053995, 37.80879730996756], [-122.42085804967951, 37.80879564136972], [-122.42071676215207, 37.80890044714696], [-122.42075992192588, 37.80908491988988], [-122.4206935911433, 37.80908016657711], [-122.42067737527975, 37.80902209610742], [-122.4204161837693, 37.80902051581075], [-122.42036058099349, 37.80900392053916], [-122.42038450785014, 37.808933530215675], [-122.42066836277733, 37.80895807478324], [-122.42063526126434, 37.808756239481156], [-122.4205408790781, 37.8087685044686], [-122.42046195386253, 37.80830305197255], [-122.41922399517857, 37.808452977317536], [-122.4192099999327, 37.80838799968569], [-122.41908600030646, 37.807802999624826], [-122.41890800034959, 37.806863000248235], [-122.41878199983152, 37.8062409997317], [-122.41871799968254, 37.805931999694444], [-122.41838099990375, 37.80597700007548], [-122.41722600031191, 37.805169999798814], [-122.41688800002433, 37.80521200037706], [-122.4168180003936, 37.80488700036152], [-122.41605100009784, 37.80435600011511], [-122.41544599967787, 37.803936999871596], [-122.41487700047371, 37.80354199981088], [-122.41371900032492, 37.80274300041771], [-122.41290800040426, 37.80218399966503], [-122.41284900003785, 37.80189300017639], [-122.4127539995212, 37.80142999982768], [-122.41266000041117, 37.80096499957327], [-122.41253000024487, 37.800323000208316], [-122.41247100054456, 37.80003199956612], [-122.41241799964084, 37.799765000008804], [-122.41240800048202, 37.79971799994595], [-122.41228300033903, 37.799095999949856], [-122.41293500015314, 37.799013999666315], [-122.41393100011551, 37.798887999808514], [-122.41457299963544, 37.79880600040869], [-122.41557199957359, 37.798680000074654], [-122.41721800020179, 37.79847199968085], [-122.41703000033088, 37.79754100007106], [-122.416936000052, 37.797075000405414], [-122.41693099993783, 37.797051000369095], [-122.41683899979175, 37.796595999841585], [-122.41681899992915, 37.79649900021866], [-122.41674100012995, 37.7961100003764], [-122.41670399984969, 37.79592499961114], [-122.41665299993231, 37.795670000229194], [-122.41647299998536, 37.79477699979309], [-122.41629200022011, 37.7938920000073], [-122.41611300021154, 37.79301400044634], [-122.41644300024454, 37.792971999548605], [-122.41775899946255, 37.79280400036115], [-122.41886000044832, 37.792662999809195], [-122.4194020000791, 37.79259300037244], [-122.42105300033865, 37.79238299965715], [-122.422693999938, 37.792174999748426], [-122.42281600004543, 37.79225500020702], [-122.42295500019095, 37.79294399971139], [-122.42287099953157, 37.793049999733704], [-122.42299300013183, 37.793130000015005], [-122.42313299962807, 37.79382899995969], [-122.42304900049216, 37.79393500005461], [-122.42316999993359, 37.794015000272296], [-122.42331100055424, 37.7947109996965], [-122.42322699953948, 37.79481699991957], [-122.4233479994746, 37.79489699996021], [-122.42349300000998, 37.79561399976182], [-122.42341300018697, 37.79573700022198], [-122.42353900008861, 37.79583799973971], [-122.42368899957614, 37.79658000029824], [-122.42360100041957, 37.796691000098924], [-122.42372600037436, 37.79676600037951], [-122.42380500045527, 37.79715600001828], [-122.42387700035276, 37.79751000032864], [-122.42379300015908, 37.79761700029532], [-122.42391399959001, 37.79769699980665], [-122.4240659995123, 37.79844600019421], [-122.4239819998679, 37.79855199990732], [-122.4241040003113, 37.79863300037706], [-122.42425400025846, 37.799378000153936], [-122.42417100023788, 37.79948500022876], [-122.42429199973722, 37.79956500028107], [-122.42444300027735, 37.80031200034044], [-122.42435899967025, 37.80041500013378], [-122.42447999975235, 37.80049499999799], [-122.42462300043263, 37.80120099980269], [-122.4245379995727, 37.801303999796644], [-122.4246679997438, 37.80142599967982], [-122.42481500035497, 37.802175000217176], [-122.42473099983222, 37.80228100035349], [-122.42485299946085, 37.802360999771764], [-122.4250040002105, 37.80310700036224], [-122.4249189996078, 37.803206000075306], [-122.42504200026666, 37.80329299982371], [-122.42519100010074, 37.80402699976368], [-122.42510999977425, 37.804145999803694], [-122.42523099995645, 37.804225999854076], [-122.42538200055392, 37.8049710003822], [-122.42529900042516, 37.80507800016466], [-122.4254880001437, 37.80601000015347], [-122.42562799956806, 37.80645600043219], [-122.42577999957668, 37.80671500017826], [-122.4262569999754, 37.80718500031478], [-122.42648899957267, 37.80765200022934], [-122.4265920004326, 37.808065999633406], [-122.42661299958132, 37.80815200004181], [-122.42647487454177, 37.80807208460202], [-122.4264718552186, 37.8080523387719], [-122.42646535832606, 37.80801527976135], [-122.42645804833853, 37.807978316042096], [-122.42644992442575, 37.80794145934333], [-122.42644099256994, 37.807904721283045], [-122.42643125302921, 37.8078681117702], [-122.4264207106503, 37.80783164244106], [-122.42640936689715, 37.80779532588871], [-122.42639722654607, 37.807759171046875], [-122.4263842921963, 37.80772319049006], [-122.4263705686243, 37.80768739315195], [-122.42635605958793, 37.8076517924892], [-122.42634076986367, 37.807616397435716], [-122.42632470432125, 37.807581220528526], [-122.42628866668512, 37.80754583450541], [-122.42628863070264, 37.807545848611376], [-122.4261176909387, 37.80764073814248], [-122.42600515055702, 37.807511677529774], [-122.42594836448852, 37.807541469828706], [-122.42607299425381, 37.8076797300111], [-122.42604455823752, 37.80769294927261], [-122.42578825141408, 37.8074058022355], [-122.42581079992428, 37.80739402288033], [-122.42584214718211, 37.80742774539349], [-122.42586048254854, 37.80741670532911], [-122.42590925677854, 37.80746961125937], [-122.4258950985731, 37.80747856890776], [-122.42593183565526, 37.80752428685043], [-122.42597014708963, 37.80750016658794], [-122.42593351443375, 37.80745847447351], [-122.42609774004347, 37.80736114352038], [-122.42610730810068, 37.80737105651583], [-122.42612121064737, 37.80734808734701], [-122.42613113950605, 37.8073520302183], [-122.42612686079656, 37.80734870973264], [-122.42609139571915, 37.807318397143234], [-122.4260552699253, 37.807288579285306], [-122.42601849277895, 37.8072592668198], [-122.42598107697978, 37.807230467649724], [-122.42594303413901, 37.8072021914982], [-122.42590437355003, 37.807174446323636], [-122.42586511018307, 37.80714723999224], [-122.42582525337858, 37.807120582263835], [-122.42578481694777, 37.80709448012232], [-122.42574381131948, 37.80706894150753], [-122.42570225148707, 37.8070439751863], [-122.42566014783252, 37.807019587297006], [-122.42561751537237, 37.80699578750723], [-122.4255743655771, 37.806972580135216], [-122.42553071119261, 37.8069499748855], [-122.42548656598325, 37.80692797694024], [-122.42544194489537, 37.80690659326451], [-122.42539685949266, 37.806885831779894], [-122.42535132465126, 37.806865696749085], [-122.42530535307012, 37.806846196075085], [-122.42525896076083, 37.80682733400225], [-122.42521215926324, 37.80680911755117], [-122.4251649657477, 37.80679155184852], [-122.42511739173068, 37.80677464301427], [-122.4250694543355, 37.806758394373304], [-122.42502116510205, 37.80674281294652], [-122.42497254228908, 37.80672790204018], [-122.42492359738944, 37.806713666873804], [-122.42487434752651, 37.80670011077219], [-122.42480198025717, 37.806680988442366], [-122.42477286012215, 37.80667364116758], [-122.42474489870801, 37.80666642998385], [-122.42471678490998, 37.806659606098485], [-122.42468852449798, 37.80665317302203], [-122.42466012546623, 37.80664713242634], [-122.42463159921496, 37.80664148592784], [-122.42460295373807, 37.80663623519818], [-122.42457419587096, 37.806631381027046], [-122.42454533592525, 37.80662692685094], [-122.42451638298355, 37.8066228725216], [-122.42448734506327, 37.80661922061165], [-122.42445823122361, 37.80661597007205], [-122.4244290494822, 37.806613123475564], [-122.42439981010367, 37.806610682457034], [-122.42437052098867, 37.80660864508507], [-122.42434119244852, 37.80660701479626], [-122.42431183240738, 37.806605790560056], [-122.42428244997119, 37.80660497312914], [-122.42425305308728, 37.80660456237356], [-122.42422365199701, 37.8066045590278], [-122.42419425689503, 37.80660496202391], [-122.42416487348147, 37.80660577217041], [-122.4241355119742, 37.80660698930044], [-122.42410618259123, 37.80660861324731], [-122.42407689325654, 37.806610642980644], [-122.42404765416501, 37.80661307743276], [-122.42401847099308, 37.80661591651123], [-122.42398935622957, 37.80661916001231], [-122.42396031661636, 37.80662280512242], [-122.42393136123624, 37.80662685169337], [-122.42390250030724, 37.80663129955869], [-122.42387374057125, 37.806636145904626], [-122.42384509222312, 37.80664138966382], [-122.4238165643222, 37.806647029787406], [-122.42378816361037, 37.80665306346179], [-122.42375990025918, 37.80665948871869], [-122.42370599075005, 37.806673046331156], [-122.42365395159027, 37.806693689388915], [-122.42358959199052, 37.80671868976836], [-122.42352579147855, 37.80674457770006], [-122.42346257027961, 37.80677134474425], [-122.42339994750719, 37.80679898338024], [-122.4233379422515, 37.80682748518675], [-122.42327657242083, 37.80685683995933], [-122.42321585828768, 37.806887041059916], [-122.4231558177604, 37.806918078283985], [-122.42309646874753, 37.8069499414273], [-122.42303783033987, 37.80698262206866], [-122.42297991815204, 37.8070161091399], [-122.4229227524104, 37.80705039420133], [-122.42286634981848, 37.80708546436482], [-122.42280794810556, 37.80711838886199], [-122.42266929872494, 37.80721066689407], [-122.42253912910323, 37.807295647292115], [-122.42241084793478, 37.80738241720762], [-122.42228449427982, 37.80747094987475], [-122.42216010835813, 37.807561219409976], [-122.4220377257547, 37.807653196400956], [-122.42191738553194, 37.8077468540819], [-122.4217991232998, 37.80784216394123], [-122.42168297464544, 37.807939096566365], [-122.42153771836303, 37.80806148401763], [-122.42153156439974, 37.808071590441735], [-122.4217897183056, 37.80837434879199], [-122.42175907277165, 37.80839527863021], [-122.42149269250079, 37.80811046039327], [-122.42132422092384, 37.80827892265977], [-122.42136664143486, 37.808321024749425], [-122.42139978216153, 37.80834414166539], [-122.421417457281, 37.808346004003894], [-122.42153857369583, 37.808467690602285], [-122.421521260202, 37.808479801092346], [-122.42158527679835, 37.808543276774394], [-122.42155858694267, 37.8085598406223], [-122.42149459705868, 37.80849744053828], [-122.42148262287151, 37.808506237693734], [-122.42136571152967, 37.80838985916585], [-122.4213431359243, 37.80835581776265], [-122.42133879065719, 37.808345135287006], [-122.42130076388528, 37.80830237762555], [-122.4210606584721, 37.808562866632464], [-122.42105267106786, 37.808550454566074], [-122.42110217437185, 37.808803535893844], [-122.42149493141271, 37.80913341870118], [-122.42144831568234, 37.80916321430935], [-122.42288614270261, 37.810219171940226], [-122.422843779438, 37.81025566506215]]], [[[-122.42444351012321, 37.81072229061035], [-122.42443018662603, 37.81071689795782], [-122.42440761377583, 37.810720248379205], [-122.42440518606905, 37.8107058235315], [-122.42440179747565, 37.810703935807034], [-122.42439844967996, 37.81070200055378], [-122.42439514613528, 37.81070001951785], [-122.42439188572926, 37.810697993618476], [-122.42438867070973, 37.81069592191793], [-122.4243855022587, 37.810693806199254], [-122.42438238039962, 37.810691647363285], [-122.42437930626781, 37.81068944539149], [-122.42437628102212, 37.81068720116626], [-122.4243733058215, 37.81068491556989], [-122.42437038182457, 37.81068258948463], [-122.42436750789602, 37.810680222929], [-122.424364688601, 37.81067781672987], [-122.42436192169181, 37.81067537182491], [-122.42435920832743, 37.810672889096615], [-122.42435655080202, 37.81067036940869], [-122.42435394911564, 37.8106678127611], [-122.42435140331494, 37.81066522095557], [-122.42434891569422, 37.8106625948559], [-122.42434648623018, 37.81065993356124], [-122.42434411499269, 37.810657239774], [-122.4243418042296, 37.81065451255646], [-122.42433955289857, 37.81065175553036], [-122.42433736320058, 37.810648965956204], [-122.42433523522905, 37.810646147437325], [-122.42433316898386, 37.81064329997367], [-122.42433116675943, 37.810640424429074], [-122.42432922739683, 37.810637519921194], [-122.42432735214827, 37.81063459093575], [-122.4243255409906, 37.810631636571806], [-122.42432379617107, 37.8106286558916], [-122.42432211664777, 37.810625652516904], [-122.42432050355616, 37.81062262642915], [-122.42431895805503, 37.81061957851078], [-122.42431747903225, 37.810616509680976], [-122.42431606764659, 37.81061342082223], [-122.42431472503365, 37.81061031191594], [-122.42431345012785, 37.810607185683075], [-122.42431750447469, 37.81059260010084], [-122.42431043347234, 37.81059983865146], [-122.42430929561226, 37.81059731039013], [-122.42430821417491, 37.81059476768988], [-122.42430718800132, 37.810592209668684], [-122.42430621827368, 37.81058963810955], [-122.4243053061509, 37.81058705389475], [-122.42430445049742, 37.810584457042886], [-122.42430365133659, 37.810581848454746], [-122.42430291096272, 37.81057922899406], [-122.42430222715143, 37.81057660049966], [-122.42430160215052, 37.810573962033665], [-122.42430103489446, 37.810571316316995], [-122.4243005253598, 37.81056866244883], [-122.42430007472883, 37.81056600221244], [-122.42429968302487, 37.81056333650846], [-122.42429935024789, 37.810560665337036], [-122.42429907642119, 37.810557989599], [-122.4242988604561, 37.81055531111447], [-122.42429870348808, 37.810552629864915], [-122.4242986055404, 37.81054994675124], [-122.4242985677718, 37.81054726265561], [-122.42429858793481, 37.81054457851608], [-122.42429866718828, 37.8105418952149], [-122.4242988066909, 37.81053921363437], [-122.42429900417176, 37.8105365338115], [-122.42429926081309, 37.81053385752951], [-122.42429957547941, 37.810531184806784], [-122.42429994935277, 37.810528517426555], [-122.42430038243327, 37.81052585538892], [-122.42430087360873, 37.81052319961301], [-122.42430142287922, 37.81052055009903], [-122.42430203147357, 37.81051791043167], [-122.42430269707414, 37.810515278846346], [-122.42430341970427, 37.81051265624387], [-122.42430420168161, 37.81051004438886], [-122.42430503962301, 37.810507444237736], [-122.42430593579954, 37.81050485575344], [-122.42430688798684, 37.810502280774664], [-122.42430789616164, 37.81049971840059], [-122.42430896150618, 37.810497170414436], [-122.42431008290816, 37.810494637735395], [-122.42431125812011, 37.81049212130149], [-122.4243124905485, 37.810489621057044], [-122.4243137768334, 37.81048713885937], [-122.42431511695173, 37.81048467380765], [-122.42431651324421, 37.81048222856719], [-122.42431796116911, 37.810479803212196], [-122.42431946299746, 37.81047739770561], [-122.42432101650488, 37.81047501388609], [-122.4243226228269, 37.81047265173526], [-122.42432428196344, 37.8104703112529], [-122.42432599057828, 37.81046799519719], [-122.42432775091899, 37.810465702630324], [-122.42432956076124, 37.81046343539087], [-122.42433142121729, 37.810461192559536], [-122.42433333008606, 37.81045897687592], [-122.42433528734438, 37.81045678743901], [-122.42433729301554, 37.81045462514987], [-122.42433934487534, 37.81045249184705], [-122.42434144403597, 37.810450386611215], [-122.42434358940845, 37.81044831126257], [-122.42434577983414, 37.81044626491887], [-122.42434801538316, 37.81044425028245], [-122.42435029376107, 37.81044226648968], [-122.42435261612667, 37.810440314422806], [-122.42435498136807, 37.81043839500122], [-122.42435738834963, 37.81043650824334], [-122.4243598359827, 37.81043465596948], [-122.42436232424387, 37.810432837278746], [-122.424364852021, 37.81043105309041], [-122.42436741936088, 37.81042930520634], [-122.42437002394585, 37.81042759186172], [-122.42437266582266, 37.8104259148583], [-122.42437534503809, 37.81042427599772], [-122.42437805927429, 37.81042267351541], [-122.4243808085781, 37.810421109213024], [-122.42438359179071, 37.8104195822082], [-122.42438640784688, 37.81041809522202], [-122.42438925672295, 37.81041664735352], [-122.42439213614819, 37.810415238639884], [-122.42439504728148, 37.81041386996348], [-122.42439798673958, 37.810412542280474], [-122.4244009567937, 37.810411255553994], [-122.42440395287845, 37.810410008957305], [-122.42440697733497, 37.81040880515585], [-122.4244100267334, 37.81040764330426], [-122.42441310107371, 37.810406523402605], [-122.42441620040277, 37.81040544725258], [-122.42441932240297, 37.81040441308952], [-122.42442246712089, 37.81040342271513], [-122.42442563342111, 37.81040247614796], [-122.42442881903273, 37.81040157342493], [-122.42443202509133, 37.81040071452764], [-122.42443524937251, 37.810399901294716], [-122.42443849069426, 37.81039913194318], [-122.4244417479445, 37.810398407392235], [-122.4244450211465, 37.81039772854267], [-122.42444830916483, 37.81039709541314], [-122.42445161084083, 37.81039650712135], [-122.42445492395007, 37.81039596550589], [-122.42445824844596, 37.81039546876517], [-122.42446158437522, 37.81039501870087], [-122.42446492946699, 37.81039461535004], [-122.42446828256233, 37.81039425783029], [-122.42447164252603, 37.81039394616021], [-122.42447500940457, 37.81039368214153], [-122.42447838090378, 37.810393464910334], [-122.42448175813574, 37.810393293547456], [-122.42448513771758, 37.81039316900905], [-122.42448851964913, 37.81039309129538], [-122.42449190281847, 37.81039306132555], [-122.42449528606667, 37.81039307821743], [-122.42449866823493, 37.8103931410887], [-122.42450204821118, 37.81039325085871], [-122.42450542599545, 37.810393407527386], [-122.42450879931678, 37.81039361113185], [-122.42451216815195, 37.8103938607713], [-122.42451553027664, 37.8103941582844], [-122.42451888562087, 37.81039450096859], [-122.42452223425471, 37.8103948915265], [-122.42452557156626, 37.810395327329694], [-122.42452889984969, 37.81039580924191], [-122.42453221683427, 37.81039633730028], [-122.42453552251988, 37.810396911504746], [-122.42453881347689, 37.81039753101013], [-122.42454209197626, 37.81039819577927], [-122.42454535463484, 37.81039890676866], [-122.42454860140603, 37.81039966217657], [-122.42455183001897, 37.81040046204019], [-122.42455504163227, 37.81040130724166], [-122.42455823395191, 37.81040219691739], [-122.42456140581895, 37.81040313018486], [-122.42456455723348, 37.810404107044235], [-122.42456768592446, 37.81040512753248], [-122.42457079302744, 37.810406191631174], [-122.42457387511278, 37.810407298495], [-122.42457693215707, 37.81040844722308], [-122.42457996418364, 37.81040963871637], [-122.42458296889826, 37.81041087211107], [-122.424585947413, 37.81041214648767], [-122.42458889632152, 37.81041346190194], [-122.42459181560041, 37.81041481745295], [-122.42459470527321, 37.81041621404164], [-122.42459756304554, 37.81041765080414], [-122.42460039000612, 37.810419125920255], [-122.424603182772, 37.8104206403464], [-122.42460594245513, 37.810422193163305], [-122.42460866792034, 37.81042378438948], [-122.4246113568498, 37.81042541226025], [-122.4246140104258, 37.810427078558746], [-122.42461662628394, 37.81042877971883], [-122.4246192056063, 37.81043051752351], [-122.42462174496343, 37.810432291127576], [-122.42462424546716, 37.81043409961165], [-122.4246267059588, 37.81043594209353], [-122.42462912527951, 37.8104378176908], [-122.4246315023172, 37.810439727322894], [-122.42463383816067, 37.81044166916963], [-122.42463613056239, 37.810443644168835], [-122.42463837945215, 37.81044564961811], [-122.42464058369453, 37.8104476855359], [-122.42464274217745, 37.81044975284157], [-122.4246448548309, 37.81045184883267], [-122.42464692279036, 37.81045397349068], [-122.42464894151395, 37.81045612688968], [-122.42465091324917, 37.810458308091846], [-122.42465283797274, 37.81046051619623], [-122.42465471225483, 37.8104627503577], [-122.42465653723112, 37.81046501055765], [-122.424658312878, 37.81046729589536], [-122.42466003801346, 37.81046960458757], [-122.4246617115254, 37.81047193755373], [-122.42466333450245, 37.81047429297368], [-122.42466490465043, 37.81047666998353], [-122.42466642199258, 37.81047906948415], [-122.424667886459, 37.81048148877316], [-122.42466929693754, 37.81048392876978], [-122.42467065449345, 37.810486386753006], [-122.42467195803815, 37.810488864543146], [-122.42467320636601, 37.81049135945615], [-122.42467439945368, 37.81049387059122], [-122.42467553732462, 37.81049639884916], [-122.42467661993197, 37.810498942428275], [-122.42467764495824, 37.81050149956401], [-122.42467861469747, 37.81050407112016], [-122.4246795279911, 37.810506656214386], [-122.42468038365682, 37.810509253063636], [-122.42468118167133, 37.810511860766965], [-122.4246819231933, 37.81051448020673], [-122.42468260588194, 37.810517108717484], [-122.4246832320314, 37.810519747162964], [-122.42468379930072, 37.81052239287783], [-122.42468430771324, 37.81052504676287], [-122.42468475835773, 37.81052770699788], [-122.42468515007533, 37.81053037270053], [-122.42468548402489, 37.810533044753164], [-122.42468575784208, 37.81053571958951], [-122.42468597382098, 37.81053839807342], [-122.42468612966755, 37.81054107934091], [-122.4246862276293, 37.810543762454365], [-122.42468626654735, 37.81054644653125], [-122.42468624639834, 37.81054913067085], [-122.42468616604681, 37.81055181489162], [-122.4246959755172, 37.81054338438558], [-122.42468594143199, 37.8105560326267], [-122.42468590204955, 37.81055723007948], [-122.4246858888293, 37.810558428907854], [-122.42468590283652, 37.810559626390656], [-122.4246859429827, 37.81056082434814], [-122.42468600924437, 37.810562021879484], [-122.42468610273352, 37.81056321806521], [-122.42468622231489, 37.810564412923895], [-122.4246863668063, 37.81056560467253], [-122.42468653852515, 37.81056679507566], [-122.42468673747162, 37.81056798413318], [-122.42468696016931, 37.810569169198324], [-122.42468721115993, 37.8105703501969], [-122.42468748594851, 37.81057152900461], [-122.42468778787124, 37.81057270286352], [-122.42468811581594, 37.81057387269294], [-122.42468846862397, 37.81057503761057], [-122.42468884743076, 37.81057619759783], [-122.4246892522129, 37.81057735175392], [-122.42468968185828, 37.810578500998275], [-122.42469013632027, 37.81057964352911], [-122.42469061675763, 37.810580780228776], [-122.42469112085276, 37.81058190933267], [-122.42469165089979, 37.810583031704596], [-122.42469220574019, 37.810584146462205], [-122.42469278307942, 37.8105852527418], [-122.42469338634737, 37.81058635138851], [-122.42469401327304, 37.810587442439484], [-122.4246946649219, 37.81058852317356], [-122.42469533906963, 37.81058959542973], [-122.42469603680503, 37.81059065738755], [-122.42469675817502, 37.810591710848676], [-122.42469750313249, 37.810592754011694], [-122.42469826938354, 37.810593786012596], [-122.4246990591989, 37.81059480681439], [-122.42469987146642, 37.810595817336456], [-122.42470070616294, 37.81059681667793], [-122.42470156210602, 37.810597803055785], [-122.42470243934268, 37.81059877827151], [-122.4247033389848, 37.81059974140588], [-122.42470425876152, 37.81060069249587], [-122.42470519976166, 37.81060162972139], [-122.42470616087301, 37.810602554001655], [-122.42470714207228, 37.81060346443599], [-122.4247081433829, 37.81060436192506], [-122.42470916475796, 37.81060524466732], [-122.42471020397342, 37.81060611450152], [-122.42471126323005, 37.81060696868795], [-122.42471234139245, 37.81060780724524], [-122.42471343737179, 37.810608631993645], [-122.42471455112148, 37.81060944113144], [-122.42471568264139, 37.81061023465858], [-122.42471683193165, 37.81061101257511], [-122.42471799783335, 37.81061177399872], [-122.42471918036989, 37.810612519830244], [-122.42472037838235, 37.810613249187355], [-122.42472159411854, 37.81061396113227], [-122.42472282421849, 37.81061465752203], [-122.42472406861245, 37.81061533565433], [-122.42472532845899, 37.81061599641146], [-122.42472660259932, 37.810616638910965], [-122.42472789108017, 37.8106172649547], [-122.42472919271957, 37.81061787275934], [-122.42473050751727, 37.81061846232505], [-122.42473183547324, 37.810619033651754], [-122.42473317545225, 37.81061958675797], [-122.42473452743086, 37.81062012074291], [-122.42473589029692, 37.81062063652589], [-122.42473726629797, 37.81062113316905], [-122.42473865086889, 37.81062160984564], [-122.42474004746276, 37.810622068301804], [-122.4247414526264, 37.81062250679134], [-122.42474286751877, 37.81062292619677], [-122.42474429211636, 37.810623325617016], [-122.42474572414837, 37.810623705089235], [-122.42474716475024, 37.81062406459502], [-122.42474861278644, 37.810624404152655], [-122.42475006828037, 37.8106247246632], [-122.42475153118535, 37.81062502432489], [-122.4247530003659, 37.81062530315617], [-122.42475447470994, 37.81062556207662], [-122.424755954194, 37.81062580018527], [-122.42475743997699, 37.810626018364324], [-122.4247589297413, 37.810626214849364], [-122.42476042355698, 37.81062639234283], [-122.42476192135386, 37.81062654814214], [-122.42483919598392, 37.81062712641492], [-122.42477543360313, 37.81062752263713], [-122.42478673992922, 37.81062814921396], [-122.4247980569525, 37.81062861880412], [-122.4248093824018, 37.810628931444676], [-122.42482071402956, 37.81062908807362], [-122.42483204724721, 37.810629086963345], [-122.42484337867161, 37.81062892907022], [-122.42485480022806, 37.810628611091644], [-122.42488391370419, 37.81062753664398], [-122.42491299859442, 37.81062606071483], [-122.42494204690351, 37.81062418163241], [-122.42497104957057, 37.81062190044564], [-122.42499999753504, 37.81061921820379], [-122.42502888171254, 37.81061613505507], [-122.42505769420116, 37.81061265293102], [-122.4250864259403, 37.81060877288068], [-122.42511506784585, 37.810604495052466], [-122.42514360974485, 37.81059982141485], [-122.42517204598298, 37.81059475296144], [-122.42520036638753, 37.81058929166077], [-122.42522856192114, 37.81058343946283], [-122.42525662465843, 37.81057719739835], [-122.42528454556219, 37.81057056741728], [-122.42531231675389, 37.810563552352065], [-122.42533992917272, 37.81055615325184], [-122.42536737496383, 37.81054837384976], [-122.4253946450664, 37.810540215195175], [-122.42542173160203, 37.81053168012031], [-122.42544862555674, 37.810522771476236], [-122.42547532016437, 37.8105134911759], [-122.42550180643426, 37.810503842971016], [-122.42552807651134, 37.810493830594794], [-122.42555412244731, 37.81048345417726], [-122.42557993529826, 37.81047271927177], [-122.42560550948028, 37.81046162957443], [-122.42563083479725, 37.81045018615318], [-122.42565590457656, 37.81043839452432], [-122.42568071093967, 37.81042625752037], [-122.42570524716733, 37.81041377885601], [-122.42572950429249, 37.81040096318373], [-122.42575347666107, 37.81038781149744], [-122.42577715653498, 37.81037433203444], [-122.42580053598927, 37.810360525825615], [-122.42582360719256, 37.81034639750495], [-122.42584636460762, 37.81033195257045], [-122.42586880037973, 37.810317194755335], [-122.42589090894836, 37.81030212865663], [-122.42591268245866, 37.810286758007706], [-122.42593411423819, 37.810271088324875], [-122.42595519761446, 37.810255125124556], [-122.42597592698017, 37.810238871202216], [-122.42603275974825, 37.81021167547134], [-122.42604397825684, 37.810180066077336], [-122.4260711962739, 37.810154146109305], [-122.42609783893187, 37.81012785431759], [-122.42612389958208, 37.81010119711982], [-122.42614936937474, 37.810074183672846], [-122.4261742416846, 37.81004682129504], [-122.4261985076619, 37.8100191191434], [-122.42622216068146, 37.809991084536186], [-122.42624519305265, 37.80996272751278], [-122.42626759815009, 37.80993405539144], [-122.42628936939539, 37.80990507729211], [-122.42631050021002, 37.80987580233462], [-122.42633098399233, 37.80984623873818], [-122.42635081418713, 37.80981639652349], [-122.4263699842163, 37.80978628481046], [-122.42638848861331, 37.809755911799556], [-122.42640632307108, 37.80972528657372], [-122.42642348105787, 37.80969442005437], [-122.42643995708438, 37.80966331954126], [-122.42645574577779, 37.80963199683818], [-122.4264708439196, 37.80960045920768], [-122.42648524613729, 37.80956871845353], [-122.42648570130184, 37.809567654797064], [-122.42667099967395, 37.80963899964285], [-122.42662710311821, 37.8097353822852], [-122.42662479110182, 37.809739874748885], [-122.42662192097973, 37.80974518471742], [-122.42652895999963, 37.809901700149844], [-122.42652653532201, 37.80990544103752], [-122.42652494692226, 37.809907790310284], [-122.42640999963861, 37.810063999675414], [-122.42627700002993, 37.810213000256105], [-122.42622069321959, 37.81026930660434], [-122.4262198910441, 37.81027008663748], [-122.42621720218521, 37.81027222767378], [-122.42616558174815, 37.81031280158738], [-122.4261479460457, 37.81033494130864], [-122.42614645096735, 37.810336159832076], [-122.42601094964112, 37.810437547517346], [-122.42600478408504, 37.810441762237275], [-122.42599767884379, 37.810446448315524], [-122.42587499970962, 37.81052100012004], [-122.42574109250636, 37.81058989436176], [-122.42573748688613, 37.81059159614402], [-122.4257329476703, 37.810593653827965], [-122.42556579164588, 37.81066186058034], [-122.42556275681973, 37.8106629708548], [-122.42556033758808, 37.810663815134575], [-122.42537999945388, 37.810718999819485], [-122.42523063370349, 37.8107530327761], [-122.42522192510698, 37.810754722311316], [-122.42521241158677, 37.810756429490816], [-122.4250630415938, 37.81077869607112], [-122.42506099767331, 37.81077894482166], [-122.42505903684224, 37.810779156167435], [-122.42489983357858, 37.81079185354666], [-122.42489802079639, 37.81079194801956], [-122.42487619452253, 37.81079868211466], [-122.42484829859221, 37.81079366251673], [-122.4248333434715, 37.81079386332679], [-122.42481838524948, 37.81079385690668], [-122.42480343076255, 37.810793644046015], [-122.4247884822348, 37.810793222906206], [-122.42477354541391, 37.81079259609706], [-122.42475862479506, 37.81079176174267], [-122.42474372496685, 37.81079072157066], [-122.42472885047145, 37.810789475506915], [-122.42471400471517, 37.810788023495945], [-122.42469919337546, 37.81078636544496], [-122.42468442104108, 37.810784503081614], [-122.42466969225397, 37.810782436331806], [-122.42465501044386, 37.81078016604077], [-122.4246403812883, 37.81077769211596], [-122.42462580939917, 37.81077501718559], [-122.42461129702427, 37.81077214031196], [-122.42459685099979, 37.810769062284756], [-122.42458247480215, 37.81076578575075], [-122.4245681729735, 37.81076231063594], [-122.42455395007907, 37.81075863776715], [-122.4245398095719, 37.81075476889048], [-122.42452575712949, 37.81075070391319], [-122.42451179620511, 37.810746444581454], [-122.42449793029857, 37.81074199444314], [-122.42448416504043, 37.81073735160385], [-122.42447050279527, 37.81073251962987], [-122.4244569503758, 37.810727498410316], [-122.42444351012321, 37.81072229061035]]], [[[-122.42356090033874, 37.81015324014193], [-122.42339006771624, 37.80993695408758], [-122.4233889071442, 37.80993806348098], [-122.42338830781986, 37.80993860677247], [-122.42338769693106, 37.80993914214156], [-122.42338707329563, 37.80993966780524], [-122.42338643923107, 37.80994018552802], [-122.4233857936019, 37.80994069532854], [-122.42338513633831, 37.8099411945042], [-122.42338446862223, 37.809941684838215], [-122.42338378931832, 37.80994216634903], [-122.42338310067406, 37.80994263809887], [-122.4233824015774, 37.809943101007015], [-122.42338169198163, 37.809943553271815], [-122.42338097304561, 37.809943995775676], [-122.42338024476918, 37.80994442851839], [-122.42337950601699, 37.8099448515187], [-122.42337875901339, 37.80994526293773], [-122.42337800153383, 37.80994566461433], [-122.42337723698498, 37.809946056492855], [-122.42337646304918, 37.809946436808666], [-122.42337568202055, 37.809946806425664], [-122.42337489276363, 37.80994716536223], [-122.42337409414314, 37.80994751363693], [-122.423373289542, 37.80994785029346], [-122.42337247671276, 37.80994817626953], [-122.4233716567439, 37.809948489745125], [-122.42337083084115, 37.809948793404125], [-122.42336999893448, 37.80994908454403], [-122.4233691587762, 37.809949364102856], [-122.42336831377267, 37.80994963202481], [-122.42336746278862, 37.809949888328546], [-122.42336660695923, 37.8099501329955], [-122.42336574514927, 37.80995036604426], [-122.42336487849406, 37.8099505874563], [-122.42336400697033, 37.80995079633073], [-122.4233631317136, 37.809950992649036], [-122.42336225161152, 37.809951177330575], [-122.42336136777647, 37.80995134945604], [-122.42336048020832, 37.80995150902541], [-122.4233595889303, 37.80995165693944], [-122.42335869505482, 37.809951792279016], [-122.42335779744606, 37.809951915062314], [-122.42335689839857, 37.80995202615341], [-122.42335599673007, 37.80995212376901], [-122.42335509248726, 37.80995220971093], [-122.42335418675891, 37.80995228215872], [-122.42335328072717, 37.809952342895826], [-122.42335237209777, 37.80995239105822], [-122.42335146198286, 37.809952425726706], [-122.42335055269996, 37.80995244866583], [-122.4233496430904, 37.809952458993294], [-122.42334873199525, 37.809952455826775], [-122.42334782289089, 37.809952441813344], [-122.42334691341316, 37.8099524133865], [-122.4233460047674, 37.80995237323032], [-122.42334509693045, 37.80995232044395], [-122.4233441899021, 37.8099522550275], [-122.42334328595345, 37.80995217694382], [-122.42334238167804, 37.80995208624849], [-122.42334148161758, 37.809951982867474], [-122.4233405823893, 37.809951867757015], [-122.42333968737591, 37.809951739960894], [-122.42333879430686, 37.809951599516076], [-122.42333790434071, 37.80995144730494], [-122.42333701858948, 37.80995128240806], [-122.42333613594128, 37.80995110574485], [-122.42333525750811, 37.809950916395834], [-122.42333438328997, 37.80995071436115], [-122.42333351333357, 37.80995050144244], [-122.42333264872775, 37.80995027581946], [-122.42333178947243, 37.80995003749231], [-122.42333093563754, 37.809949789163355], [-122.42333008712977, 37.809949527229406], [-122.42332924404263, 37.80994925529361], [-122.42332840744135, 37.80994897063515], [-122.42332757734943, 37.80994867415472], [-122.42332675265462, 37.80994836677182], [-122.42332593676333, 37.80994804843072], [-122.42332512738135, 37.80994771826774], [-122.42332432566751, 37.80994737716511], [-122.42332353046284, 37.80994702424065], [-122.42332274408507, 37.80994666125883], [-122.42332196537541, 37.80994628733749], [-122.4233211954692, 37.80994590245796], [-122.42332043323113, 37.80994550663885], [-122.42331967984319, 37.809945101663324], [-122.42331893637096, 37.80994468481027], [-122.42331820174886, 37.80994425880082], [-122.42331747706581, 37.80994382181466], [-122.42331676236832, 37.80994337565367], [-122.4233160564977, 37.80994291943534], [-122.42331536170155, 37.80994245222181], [-122.42331467577885, 37.80994197675267], [-122.42331400211275, 37.80994149207163], [-122.42331333843225, 37.80994099821552], [-122.42331268584958, 37.80994049426515], [-122.42331204441132, 37.809939982022115], [-122.42331141409407, 37.809939460585575], [-122.42331079605674, 37.80993893083789], [-122.4233101891639, 37.809938392797605], [-122.42330959452752, 37.80993784554531], [-122.42330901219437, 37.80993729088264], [-122.42330844216447, 37.80993672880963], [-122.4233078832557, 37.80993615754316], [-122.42330733894424, 37.809935579730116], [-122.42330680577739, 37.8099349936245], [-122.4233062860724, 37.80993440099083], [-122.42330577980606, 37.809933800928285], [-122.4233052869784, 37.80993319343695], [-122.42330480763614, 37.809932580318375], [-122.42330434059703, 37.8099319597895], [-122.42330388815542, 37.80993133271407], [-122.42330345033456, 37.80993069999293], [-122.4233030259991, 37.80993006164469], [-122.42330261512554, 37.809929416768384], [-122.42330221889615, 37.809928767147206], [-122.42330183726416, 37.80992811097943], [-122.4233014702997, 37.80992745096773], [-122.42330111682054, 37.80992678532878], [-122.42330077912091, 37.80992611492648], [-122.4233004560654, 37.80992543977933], [-122.42330014765409, 37.80992475988726], [-122.4232998539102, 37.80992407615119], [-122.42329957596922, 37.80992338855258], [-122.42329931269566, 37.80992269710992], [-122.42329906524836, 37.809922002705534], [-122.42329883246846, 37.80992130445713], [-122.42329861551481, 37.80992060324695], [-122.42329841325204, 37.80991989909362], [-122.4232982268154, 37.809919191978594], [-122.42329805736391, 37.80991848278415], [-122.42329790149095, 37.80991777156579], [-122.4232977625798, 37.80991705736724], [-122.42329763840613, 37.80991634202715], [-122.42329753124072, 37.80991562550852], [-122.4232974387895, 37.8099149069475], [-122.42329736221112, 37.8099141872264], [-122.42329730264117, 37.8099134663268], [-122.423297257832, 37.80991274518642], [-122.42329723003115, 37.80991202286743], [-122.42329721587909, 37.809911301227196], [-122.42329721989411, 37.809910579290644], [-122.42329723866992, 37.80990985711338], [-122.42329727450073, 37.80990913555925], [-122.42329732398031, 37.809908414683754], [-122.42329739165032, 37.809907694412786], [-122.42329747412778, 37.80990697570281], [-122.42329757138943, 37.809906257652926], [-122.42329768570609, 37.809905540226204], [-122.42329781601238, 37.80990482614356], [-122.42329796110273, 37.80990411272099], [-122.42329812218271, 37.80990340264259], [-122.42329829920554, 37.80990269410659], [-122.42329849105933, 37.80990198803241], [-122.42329869887932, 37.80990128440147], [-122.42329892271222, 37.809900585015455], [-122.42329916137594, 37.80989988809124], [-122.42329941491715, 37.809899195430496], [-122.42329968442456, 37.80989850521303], [-122.42329996880952, 37.80989781925903], [-122.42330026804856, 37.80989713666763], [-122.42330058218849, 37.80989645924048], [-122.42330091120586, 37.80989578607684], [-122.42330125510075, 37.809895117176566], [-122.42330161389651, 37.809894453440656], [-122.42330198645747, 37.80989379488747], [-122.42330237505479, 37.809893141480124], [-122.4233027762821, 37.809892493274], [-122.42330319243358, 37.80989185113305], [-122.4233036223737, 37.809891215075766], [-122.42330406607915, 37.8098905842012], [-122.42330452359676, 37.809889960311196], [-122.42330499490305, 37.80988934250471], [-122.42330548115672, 37.80988873166418], [-122.42330597895169, 37.80988812784524], [-122.42330649053535, 37.80988753010985], [-122.42330701481889, 37.80988694027824], [-122.42330755291447, 37.80988635743119], [-122.42330810255126, 37.80988578160557], [-122.42330866604675, 37.809885214566044], [-122.42330924108347, 37.80988465454804], [-122.42330982884339, 37.80988410333472], [-122.42331042816778, 37.809883560043694], [-122.42331103905671, 37.809883024674924], [-122.42331166266894, 37.8098824981109], [-122.42331229673354, 37.809881980388454], [-122.42331294238595, 37.8098814714892], [-122.42331359962623, 37.80988097141312], [-122.42331426847764, 37.809880481061015], [-122.42331494664604, 37.80987999956903], [-122.42331563529004, 37.809879527819575], [-122.42331633440996, 37.80987906581271], [-122.42331704398207, 37.80987861264741], [-122.42331776291793, 37.80987817014402], [-122.42331849235282, 37.809877738283944], [-122.42331922996921, 37.80987731530255], [-122.42331997810805, 37.80987690386528], [-122.42332073442836, 37.80987650130676], [-122.42332149900007, 37.80987611032948], [-122.42332227293548, 37.809875730013964], [-122.42332305396363, 37.80987536039739], [-122.4233238443321, 37.809875000541766], [-122.42332464183998, 37.80987465318679], [-122.42332544644047, 37.809874316530596], [-122.42332625926919, 37.809873990554756], [-122.42332707923741, 37.80987367707947], [-122.42332790513952, 37.80987337342086], [-122.42332873818094, 37.80987308226266], [-122.42332957717974, 37.80987280182191], [-122.42333042218246, 37.809872533900226], [-122.42333127316581, 37.809872277596654], [-122.42333212899443, 37.80987203292997], [-122.42333299082692, 37.809871800782254], [-122.42333385748123, 37.80987157937053], [-122.42333472900413, 37.80987137049632], [-122.42333560426007, 37.80987117417821], [-122.42333648436116, 37.809870989496815], [-122.42333736933085, 37.80987081735308], [-122.42333825573932, 37.80987065690151], [-122.42333914703966, 37.809870509888434], [-122.42334004091427, 37.8098703745491], [-122.42334093849865, 37.80987025086504], [-122.42334183756861, 37.809870140674924], [-122.42334273923612, 37.809870043059384], [-122.42334364347798, 37.809869957117634], [-122.42334454918188, 37.809869883769025], [-122.42334545523606, 37.80986982393288], [-122.42334636386445, 37.80986977577047], [-122.42334727395492, 37.80986974020123], [-122.42334818326015, 37.809869718162986], [-122.42334909286876, 37.809869707835475], [-122.42335000393958, 37.80986971010117], [-122.42335091306627, 37.809869725015474], [-122.42335182254295, 37.809869753442236], [-122.42335273116433, 37.80986979269755], [-122.42335363902366, 37.80986984638464], [-122.42335454605093, 37.809869911801115], [-122.4233554499986, 37.80986998988471], [-122.42335635424975, 37.80987007967907], [-122.42335725544469, 37.80987018304152], [-122.42335815355992, 37.8098702990711], [-122.42335904968432, 37.80987042594775], [-122.42335994275255, 37.8098705663924], [-122.4233608316057, 37.809870719522706], [-122.42336171735592, 37.80987088441942], [-122.42336260000333, 37.80987106108252], [-122.4233634784356, 37.809871250431264], [-122.42336435265281, 37.809871452465714], [-122.42336522260837, 37.809871665384215], [-122.42336608721348, 37.80987189100702], [-122.42336694644467, 37.80987212843313], [-122.42336780143762, 37.809872377644126], [-122.42336864992122, 37.809872638677], [-122.42336949189554, 37.809872911531826], [-122.42337032849605, 37.80987319619001], [-122.42337115858739, 37.809873492670064], [-122.42337198325822, 37.809873799151866], [-122.4233727991722, 37.809874118393516], [-122.42337360855349, 37.80987444855618], [-122.42337441140238, 37.80987478963989], [-122.42337520544768, 37.809875141681786], [-122.42337599298371, 37.80987550554555], [-122.42337677169287, 37.809875879466546], [-122.42337754046325, 37.80987626436423], [-122.42337830267755, 37.8098766592821], [-122.4233790560884, 37.80987706515815], [-122.42337979956038, 37.809877482010805], [-122.42338053418214, 37.80987790801989], [-122.42338125886494, 37.809878345005586], [-122.4233819746976, 37.8098787911477], [-122.42338267943262, 37.80987924738422], [-122.42338337534065, 37.809879713677965], [-122.42338406012779, 37.80988018916523], [-122.42338473381716, 37.80988067474675], [-122.42338539749757, 37.80988116860239], [-122.42338605005686, 37.80988167165156], [-122.42338669151852, 37.80988218479506], [-122.4233873218357, 37.809882706231214], [-122.42338793984976, 37.809883235077635], [-122.42338854676616, 37.80988377401839], [-122.42338914137925, 37.80988432036951], [-122.42338972371259, 37.809884875031784], [-122.42339029490155, 37.80988543798669], [-122.42339085267514, 37.80988600927128], [-122.4233913981222, 37.80988658706545], [-122.42339193013075, 37.80988717228831], [-122.4233924498594, 37.809887765822495], [-122.42339295612614, 37.80988836588466], [-122.4233934489308, 37.809888972474816], [-122.42339392943232, 37.809889586475265], [-122.42339439533642, 37.80989020702237], [-122.4233948477553, 37.80989083319658], [-122.42339528557662, 37.8098914659174], [-122.4233957110715, 37.80989210514768], [-122.42339612081022, 37.809892750042174], [-122.42339651704025, 37.80989339966306], [-122.42359330157055, 37.81014254241495], [-122.4236590190525, 37.81036630952886], [-122.42362335034768, 37.81060021424399], [-122.4234920112097, 37.81081701331649], [-122.42327265461398, 37.81098179483416], [-122.4208120192032, 37.81187907507314], [-122.42081200021315, 37.811878999680644], [-122.42080509333645, 37.81185137467591], [-122.4232530040648, 37.810958736023096], [-122.42346357583658, 37.81080055228915], [-122.42358967205872, 37.81059240928637], [-122.42362391929193, 37.810367821969336], [-122.42356090033874, 37.81015324014193]]]]}, "properties": {"name": "Russian Hill", "kind": "analysis_neighborhood", "source": "DataSF Analysis Neighborhoods (j2bu-swwd)", "as_of": "2026-09-22T19:45:36+00:00"}}, {"type": "Feature", "geometry": {"type": "MultiPolygon", "coordinates": [[[[-122.3875252162534, 37.78279734438729], [-122.3875205579595, 37.782796700700786], [-122.38752499970312, 37.782796999987205], [-122.38752741288673, 37.78279767961704], [-122.3875252162534, 37.78279734438729]]], [[[-122.3847095283931, 37.782782609117696], [-122.38471199968441, 37.78278200004784], [-122.38472992737707, 37.78292541667911], [-122.3847297123322, 37.782925041608976], [-122.38472948967691, 37.782924635118086], [-122.38472927712272, 37.78292422395974], [-122.38472907249101, 37.78292381177348], [-122.38472887798312, 37.78292339582056], [-122.38472869248707, 37.782922977020036], [-122.38472851602572, 37.78292255627258], [-122.38472834744096, 37.78292213269556], [-122.38472819016097, 37.782921707135394], [-122.38472804191565, 37.78292127962842], [-122.38472790270487, 37.78292085017467], [-122.38472777250588, 37.78292041787316], [-122.38472765249948, 37.78291998450752], [-122.38472754155052, 37.78291955009582], [-122.3847274396361, 37.78291911373742], [-122.38472734902645, 37.78291867539578], [-122.38472726636215, 37.782918236927124], [-122.38472719500254, 37.782917796475296], [-122.38472713272319, 37.7829173558784], [-122.3847095283931, 37.782782609117696]]], [[[-122.38473068962007, 37.78292663734819], [-122.38473051829449, 37.78292637423027], [-122.38474707188651, 37.7829383291002], [-122.38474695285888, 37.782938292250975], [-122.38474643642758, 37.782938122067314], [-122.38474592435354, 37.782937944604235], [-122.38474541550184, 37.78293775988], [-122.38474491216517, 37.782937568759195], [-122.38474441202796, 37.78293736947625], [-122.3847439162938, 37.782937164715676], [-122.38474342602903, 37.78293695175688], [-122.38474293903225, 37.782936733338495], [-122.38474245752779, 37.78293650762262], [-122.38474198153845, 37.78293627551015], [-122.38474151104147, 37.78293603610026], [-122.38474104492468, 37.782935790311825], [-122.38474058434589, 37.78293553902761], [-122.38474012925946, 37.7829352804459], [-122.38473968084608, 37.782935016350265], [-122.38473923678997, 37.78293474497528], [-122.3847388005649, 37.7829344689691], [-122.38473836983218, 37.78293418566543], [-122.38473794466032, 37.78293389776678], [-122.38473752727378, 37.78293360343527], [-122.38473711540236, 37.78293330270707], [-122.38473671022686, 37.78293299736591], [-122.3847363117017, 37.782932685609836], [-122.38473592098467, 37.782932368321696], [-122.38473553582844, 37.78293204643867], [-122.38473515959257, 37.782931718104535], [-122.38473478894058, 37.78293138607625], [-122.38473442720876, 37.782931047597], [-122.38473407219583, 37.78293070540546], [-122.38473372385599, 37.7829303577], [-122.38473338448212, 37.782930005345214], [-122.3847330529393, 37.78292964835909], [-122.38473272922754, 37.78292928674179], [-122.38473241334664, 37.782928920493234], [-122.38473210531967, 37.78292855051432], [-122.38473180512374, 37.78292817590413], [-122.38473151391665, 37.782927797545454], [-122.3847312305406, 37.78292741455551], [-122.38473095615338, 37.78292702781701], [-122.38473068962007, 37.78292663734819]]], [[[-122.38474918111582, 37.78293893433927], [-122.38623544908269, 37.78285608563443], [-122.38476141469593, 37.78294008427669], [-122.38476062652667, 37.782940123912795], [-122.3847600672017, 37.782940142767586], [-122.38475950880607, 37.78294015349657], [-122.38475894909251, 37.78294015703709], [-122.38475839030814, 37.78294015245172], [-122.38475783131817, 37.78294013975882], [-122.38475727328016, 37.78294011984102], [-122.38475671503654, 37.78294009181561], [-122.38475615776782, 37.78294005746619], [-122.38475560140559, 37.782940014090144], [-122.38475504597257, 37.78293996258835], [-122.38475449151467, 37.782939904762536], [-122.38475393912101, 37.782939838792785], [-122.3847533876567, 37.782939764697346], [-122.38475283827952, 37.78293968335887], [-122.38475229096669, 37.78293959387648], [-122.38475174460596, 37.7829394971692], [-122.38475120146751, 37.78293939320071], [-122.38475066041623, 37.78293928198913], [-122.38475012140648, 37.78293916173297], [-122.38474958566466, 37.782939036017204], [-122.38474918111582, 37.78293893433927]]], [[[-122.40058827732369, 37.80602241353753], [-122.40096367298877, 37.803563562251405], [-122.40084285699416, 37.80342911165927], [-122.40047967666884, 37.803466325158794], [-122.39855324998129, 37.804601725342955], [-122.39855281451868, 37.804601974778194], [-122.39855238443346, 37.80460221241128], [-122.39855194851012, 37.80460244382985], [-122.39855150788406, 37.804602669015615], [-122.39855106255521, 37.80460288796873], [-122.39855061141124, 37.80460310160814], [-122.39855015667699, 37.80460330809572], [-122.3985496972399, 37.80460350835052], [-122.39854923310014, 37.80460370237259], [-122.398548765393, 37.80460389014358], [-122.39854829298305, 37.80460407168184], [-122.3985478169828, 37.80460424606822], [-122.39854733739205, 37.80460441330278], [-122.39854685425703, 37.804604575187085], [-122.39854636750853, 37.80460472901868], [-122.39854587608032, 37.80460487751845], [-122.39854538330948, 37.80460501792888], [-122.39854488699417, 37.80460515298911], [-122.39854438817785, 37.80460527907757], [-122.39854388581719, 37.80460539981582], [-122.39854338097842, 37.80460551248311], [-122.39854287484307, 37.80460561886266], [-122.39854236511732, 37.80460571809051], [-122.39854185409496, 37.8046058110307], [-122.39854134059443, 37.80460589589993], [-122.39854082577436, 37.8046059735807], [-122.39854030852214, 37.804606044992205], [-122.39853979106272, 37.804606108296234], [-122.39853927114831, 37.80460616442996], [-122.39853875107256, 37.80460621425792], [-122.39853822851872, 37.8046062560149], [-122.39853770691602, 37.80460629054687], [-122.3985371828813, 37.80460631880952], [-122.39853665977458, 37.80460633894641], [-122.39853613534831, 37.80460635189477], [-122.3985356107376, 37.8046063576365], [-122.39853508594277, 37.804606356171575], [-122.39853456209887, 37.80460634748157], [-122.39853403807074, 37.80460633158492], [-122.3985335149937, 37.80460630846328], [-122.39853299173238, 37.80460627813492], [-122.39853246942212, 37.80460624058161], [-122.39853194806294, 37.80460619580332], [-122.39853142765487, 37.80460614380003], [-122.39853090931027, 37.80460608365265], [-122.39853039193974, 37.80460601718108], [-122.39852987552027, 37.80460594348466], [-122.39852936118729, 37.804605862544896], [-122.3985288489637, 37.80460577526266], [-122.3985283388036, 37.80460567983641], [-122.39852782961769, 37.80460557808597], [-122.39852732365357, 37.80460546907403], [-122.39852681977585, 37.80460535281885], [-122.398526319143, 37.8046052302029], [-122.39852582057361, 37.80460509944288], [-122.39852532527209, 37.80460496322308], [-122.39852483432774, 37.804604819723366], [-122.39852434433455, 37.80460466899873], [-122.39852385872155, 37.804604511895135], [-122.39852337748887, 37.80460434841254], [-122.39852289947788, 37.80460417766838], [-122.39852242468884, 37.80460399966274], [-122.39852195430304, 37.80460381617891], [-122.39852148829743, 37.804603626316094], [-122.39852102553667, 37.80460343009265], [-122.39852056826852, 37.804603226571096], [-122.3985201154037, 37.80460301757139], [-122.39851966578364, 37.80460280221102], [-122.39851922281456, 37.80460258043509], [-122.39851878309044, 37.804602352298474], [-122.39851835004023, 37.80460211864719], [-122.39851792137034, 37.80460187861687], [-122.39851749823899, 37.80460163309016], [-122.39851708062338, 37.8046013811662], [-122.39851666856939, 37.804601124646666], [-122.39851626203094, 37.80460086172989], [-122.39851586216659, 37.80460059329846], [-122.39851546784081, 37.80460031937059], [-122.39851507903077, 37.80460003904543], [-122.39851469691769, 37.8045997541064], [-122.3985143203663, 37.804599464571844], [-122.39851395162427, 37.80459916950432], [-122.3985135884209, 37.804598868940396], [-122.39851323191459, 37.80459856376261], [-122.39851288210541, 37.804598253970916], [-122.39851254010547, 37.80459793864636], [-122.3985122048026, 37.80459761870785], [-122.39851187508454, 37.80459729507462], [-122.3985115543112, 37.804596965890234], [-122.39851124025792, 37.80459663299279], [-122.39855946214436, 37.80452649339822], [-122.39822802905412, 37.80428081406402], [-122.39822763010163, 37.80428035906688], [-122.39822732898438, 37.80427999892417], [-122.39822703574565, 37.80427963595111], [-122.39822675036234, 37.80427926924673], [-122.39822647396977, 37.80427889879281], [-122.39822620427441, 37.80427852372505], [-122.39822594356968, 37.8042781449077], [-122.3982256918558, 37.80427776234089], [-122.39822544802044, 37.804277376943574], [-122.39822521204049, 37.804276987815015], [-122.39822498620973, 37.80427659581946], [-122.39822476825738, 37.80427620099349], [-122.39822455816055, 37.80427580243628], [-122.39822435823592, 37.804275401912804], [-122.39822416618975, 37.804274998558974], [-122.39822398315744, 37.80427459235645], [-122.39822380911595, 37.8042741824044], [-122.3982236441574, 37.80427377230607], [-122.39822348932495, 37.80427335843996], [-122.39822334241705, 37.8042729435451], [-122.39822320452303, 37.80427252580147], [-122.39822307568888, 37.8042721070109], [-122.39822295700395, 37.80427168535327], [-122.39822284740191, 37.80427126354945], [-122.39822274681374, 37.804270838897004], [-122.39822265530852, 37.80427041409828], [-122.39822257397553, 37.80426998733344], [-122.39822250170236, 37.80426955952163], [-122.39822243851215, 37.80426913156352], [-122.39822238549425, 37.80426870163926], [-122.39822234158224, 37.80426827246968], [-122.39822230670714, 37.804267841352214], [-122.39822228207325, 37.80426741097115], [-122.39822226536404, 37.80426697956126], [-122.39822226000837, 37.80426654796874], [-122.39822226375878, 37.80426611713074], [-122.39822227656902, 37.8042656852458], [-122.39822229848525, 37.8042652541154], [-122.39822233064277, 37.80426482372144], [-122.39822237188326, 37.80426439318126], [-122.39822242225269, 37.804263964296595], [-122.3982224817281, 37.80426353616654], [-122.39822255142178, 37.80426310787202], [-122.39822263022155, 37.804262680332116], [-122.3982227193086, 37.804262255330244], [-122.39822281750155, 37.80426183108307], [-122.39822292368828, 37.80426140850958], [-122.39822304011622, 37.80426098667253], [-122.39822316569622, 37.80426056739177], [-122.39822330038221, 37.804260148865644], [-122.39822344422015, 37.80425973289582], [-122.3982235971872, 37.804259318581515], [-122.39822375930618, 37.80425890682352], [-122.39822393057713, 37.80425849762183], [-122.39822411100023, 37.80425809097647], [-122.39822429941682, 37.804257686004874], [-122.39822449814402, 37.80425728447205], [-122.39822470488772, 37.8042568855139], [-122.39822492080653, 37.80425649001286], [-122.39822514471892, 37.80425609618562], [-122.3982253778294, 37.80425570671637], [-122.39822561897965, 37.80425532072254], [-122.39822586812346, 37.80425493640248], [-122.39822612648835, 37.80425455734124], [-122.39822639402841, 37.80425418173713], [-122.39822666844965, 37.80425380872588], [-122.3982269509567, 37.8042534409918], [-122.39822724150339, 37.80425307673305], [-122.39822754122517, 37.804252715931504], [-122.39822784787431, 37.80425235952452], [-122.39822816260916, 37.80425200839454], [-122.39822848424842, 37.80425166075841], [-122.39822881395034, 37.80425131749841], [-122.398229151738, 37.80425097951559], [-122.3982294964531, 37.8042506459273], [-122.39822984811848, 37.80425031763442], [-122.39823020782362, 37.804249992816914], [-122.39823057450207, 37.80424967419562], [-122.39823094699564, 37.80424936088802], [-122.39823132755191, 37.80424905195665], [-122.39823171394617, 37.80424874923974], [-122.3982321072909, 37.80424845181826], [-122.398232507563, 37.80424815879128], [-122.39823291367306, 37.80424787197884], [-122.39823332675653, 37.80424759136256], [-122.39823374451974, 37.80424731607821], [-122.39823416925636, 37.804247046990135], [-122.39823459980799, 37.80424678321562], [-122.39997232326101, 37.80322500763609], [-122.39960212732248, 37.80280794108433], [-122.39782607376092, 37.80380969142662], [-122.3978256383006, 37.8038099408593], [-122.39782520821765, 37.80381017848969], [-122.3978247722966, 37.803810409905665], [-122.39782433167304, 37.80381063508876], [-122.39782388634679, 37.80381085403915], [-122.39782343518262, 37.80381106677491], [-122.3978229804742, 37.80381127416064], [-122.39782252104008, 37.80381147441262], [-122.39782205690334, 37.80381166843177], [-122.39782158919925, 37.80381185619999], [-122.39782111676965, 37.80381203683456], [-122.39782064077266, 37.80381221121802], [-122.3978201612085, 37.80381237935039], [-122.39781967805395, 37.803812540330924], [-122.39781919133225, 37.803812695060444], [-122.39781870102013, 37.80381284263803], [-122.39781820714077, 37.8038129839646], [-122.3978177108065, 37.803813118120985], [-122.39781721201719, 37.80381324510719], [-122.39781670966082, 37.8038133658423], [-122.39781620482633, 37.803813478506484], [-122.39781569869533, 37.8038135848831], [-122.39781518897404, 37.80381368410773], [-122.39781467793313, 37.80381377614399], [-122.3978141644373, 37.80381386101005], [-122.39781364964489, 37.80381393958855], [-122.39781313237458, 37.80381401009599], [-122.39781261494306, 37.80381407429758], [-122.39781209503357, 37.80381413042817], [-122.39781157493985, 37.80381417935214], [-122.39781105241428, 37.803814222006714], [-122.39781053081673, 37.80381425653541], [-122.39781000676436, 37.80381428389406], [-122.39780948366304, 37.80381430402765], [-122.39780895926519, 37.80381431787368], [-122.3978084346601, 37.80381432361218], [-122.3978079110061, 37.80381432212568], [-122.39780738600965, 37.803814312549974], [-122.39780686201026, 37.80381429755091], [-122.39780633891601, 37.803814273525234], [-122.39780581566059, 37.803814243193614], [-122.39780529335627, 37.80381420563702], [-122.39780477200307, 37.80381416085552], [-122.39780425273638, 37.803814108830736], [-122.39780373328551, 37.80381404959931], [-122.39780321592114, 37.803813983124535], [-122.39780269950789, 37.803813909424846], [-122.39780218518119, 37.80381382848189], [-122.39780167294103, 37.803813740295745], [-122.397801161675, 37.80381364578542], [-122.39780065363081, 37.80381354401355], [-122.39780014765005, 37.80381343409761], [-122.39779964377894, 37.8038133178393], [-122.39779914315264, 37.80381319522026], [-122.39779864574818, 37.80381306533976], [-122.39779815043025, 37.80381292821598], [-122.39779765835725, 37.803812784731576], [-122.3977971695291, 37.80381263488643], [-122.3977966838998, 37.80381247687893], [-122.3977962015384, 37.803812313411605], [-122.39779572353432, 37.80381214266455], [-122.397795248775, 37.80381196555672], [-122.397794778396, 37.80381178207], [-122.39779431239721, 37.80381159220431], [-122.39779385075573, 37.803811395058815], [-122.39779339238216, 37.803811192453566], [-122.39779293950109, 37.80381098255023], [-122.39779249102334, 37.80381076716871], [-122.39779204692584, 37.80381054540828], [-122.397791608367, 37.80381031815154], [-122.39779117416533, 37.80381008361493], [-122.39779074552538, 37.80380984448282], [-122.39779032353638, 37.80380959893519], [-122.3977899059276, 37.80380934700864], [-122.39778949272207, 37.80380908960396], [-122.39778908732605, 37.80380882666632], [-122.39778868633317, 37.80380855825063], [-122.39778829201438, 37.8038082843203], [-122.39778790323417, 37.8038080048936], [-122.39778752112792, 37.803807719952154], [-122.39778714571874, 37.80380743039697], [-122.39778677582517, 37.80380713444461], [-122.39778641265164, 37.80380683477913], [-122.39778605615213, 37.803806529599164], [-122.3977857074619, 37.803806218886216], [-122.39778536435652, 37.803805904478494], [-122.39778502906033, 37.80380558453793], [-122.39778470046127, 37.80380525998354], [-122.39778437858217, 37.803804931716144], [-122.39778406451258, 37.80380459791589], [-122.39778375832128, 37.80380426128516], [-122.39751655017994, 37.803494930521516], [-122.39751604692017, 37.80349434922871], [-122.39751576086844, 37.8034940005576], [-122.39751548153683, 37.80349364817353], [-122.397515211196, 37.80349329203993], [-122.39751494871042, 37.803492932175146], [-122.39751469294497, 37.803492568597356], [-122.39751444617028, 37.80349220127008], [-122.39751420727396, 37.8034918311125], [-122.39751397623303, 37.80349145722357], [-122.39751375420586, 37.80349108048606], [-122.39751354005708, 37.80349070091817], [-122.39751333378675, 37.80349031851988], [-122.3975131365072, 37.80348993237207], [-122.39751294712906, 37.80348954429476], [-122.39751276792305, 37.803489154251245], [-122.39751259543706, 37.80348876049489], [-122.39751243314633, 37.80348836567324], [-122.39751227871086, 37.80348796712038], [-122.39751213333524, 37.803487567520584], [-122.39751199699651, 37.80348716597292], [-122.3975118685591, 37.80348676249571], [-122.39751175029382, 37.80348635705237], [-122.39751163995307, 37.80348595058044], [-122.39751153867215, 37.80348554306146], [-122.39751144754023, 37.80348513267556], [-122.39751136435595, 37.80348472216171], [-122.39751129020831, 37.80348430970012], [-122.3975112251436, 37.80348389709236], [-122.39751116913877, 37.80348348343765], [-122.39751112332895, 37.80348306871765], [-122.39751108548975, 37.80348265477066], [-122.39751105782264, 37.803482238857654], [-122.39751103810299, 37.8034818228166], [-122.3975110274662, 37.80348140662956], [-122.39751102707062, 37.803480991178844], [-122.39751103462247, 37.80348057560026], [-122.3975110523696, 37.80348015895654], [-122.3975110792456, 37.80347974396821], [-122.39751111406896, 37.80347932885209], [-122.39751115913361, 37.80347891447238], [-122.39751121330407, 37.80347850084741], [-122.39751127542206, 37.80347808709448], [-122.39751134780427, 37.80347767497884], [-122.39751142929236, 37.80347726361798], [-122.39751151877394, 37.80347685393084], [-122.39751161851974, 37.803476445880996], [-122.39751172623602, 37.80347603860408], [-122.3975118430813, 37.80347563298273], [-122.3975119690554, 37.80347522901693], [-122.39751210415828, 37.803474826706626], [-122.39751224727787, 37.80347442697095], [-122.39751239952628, 37.80347402889084], [-122.3975125609265, 37.803473633367105], [-122.39751273145572, 37.80347323949892], [-122.39751291000138, 37.80347284820529], [-122.39751309656363, 37.80347245948639], [-122.39751329227782, 37.80347207332383], [-122.39751349603164, 37.80347169063674], [-122.39751370891425, 37.80347130960521], [-122.39751392870099, 37.8034709320674], [-122.39751415879806, 37.80347055796857], [-122.39751439579948, 37.803470187363374], [-122.39751464081738, 37.803469819332896], [-122.39751489387473, 37.803469454777954], [-122.39751515499484, 37.80346909459919], [-122.39751542526676, 37.80346873697693], [-122.39751570135354, 37.80346838466831], [-122.39751598659232, 37.80346803491603], [-122.39751627875833, 37.803467689558374], [-122.39751657898692, 37.80346734857698], [-122.39751688611973, 37.80346701108937], [-122.39751720133809, 37.80346667887883], [-122.39751752346075, 37.80346635016215], [-122.39751785253361, 37.803466026740836], [-122.39751818853377, 37.803465707714196], [-122.39751853259648, 37.803465393063725], [-122.39751888245102, 37.803465082826214], [-122.39751923925591, 37.80346477788403], [-122.39751960301096, 37.803464478237345], [-122.39751997258107, 37.803464183904275], [-122.39752034910141, 37.80346389486669], [-122.39752073252585, 37.803463609322804], [-122.39752112067596, 37.80346333091259], [-122.39752151577635, 37.803463057797785], [-122.39752191780396, 37.8034627890775], [-122.3975223245342, 37.803462526590074], [-122.39752273710222, 37.803462270317205], [-122.39752315548536, 37.803462019357944], [-122.39961603622474, 37.802282416793076], [-122.39972366285674, 37.80217628794918], [-122.3994091009679, 37.801824512085865], [-122.3993942580378, 37.801825874957736], [-122.39938269572882, 37.80182712190503], [-122.39937116365702, 37.80182852968066], [-122.39935966404718, 37.801830096446196], [-122.39934820144026, 37.80183182212874], [-122.39933677808396, 37.80183370579069], [-122.39932539740722, 37.80183574827826], [-122.39931406390511, 37.80183794771643], [-122.39930277982532, 37.801840303167864], [-122.399291549732, 37.80184281546033], [-122.39928037582668, 37.80184548185474], [-122.39926926380895, 37.80184830316051], [-122.39925821476801, 37.80185127755773], [-122.39924723210983, 37.80185440499152], [-122.3992363214649, 37.801857683568834], [-122.39922548283307, 37.80186111328962], [-122.39921472298019, 37.80186469224264], [-122.39920404188335, 37.80186841952697], [-122.39919344521886, 37.80187229505125], [-122.39918293518838, 37.80187631607647], [-122.39917251631013, 37.80188048162859], [-122.39916218969626, 37.801884790788556], [-122.39915195872976, 37.80188924260074], [-122.3971179238912, 37.80302021473645], [-122.39711748843314, 37.803020464166636], [-122.3971170583524, 37.80302070179447], [-122.39711662243388, 37.803020933207804], [-122.39711618181286, 37.80302115838835], [-122.39711573537696, 37.80302137825511], [-122.39711528532786, 37.80302159006921], [-122.39711483062219, 37.803021797452125], [-122.39711437119112, 37.803021997701386], [-122.39711390705749, 37.803022191717865], [-122.39711343935659, 37.8030223794832], [-122.39711296695327, 37.803022561015794], [-122.39711249095971, 37.80302273539651], [-122.39711201139903, 37.80302290352602], [-122.39711152711278, 37.80302306452194], [-122.39711104153008, 37.80302321923029], [-122.39711055122177, 37.80302336680494], [-122.39711005732327, 37.80302350722769], [-122.39710956099304, 37.803023641381124], [-122.39710906223083, 37.803023769265174], [-122.39710855985552, 37.80302388909653], [-122.39710805504843, 37.80302400265851], [-122.39710754892181, 37.803024109032044], [-122.3971070392049, 37.803024208253625], [-122.39710652816864, 37.803024300286815], [-122.39710601467748, 37.8030243851499], [-122.39710549986675, 37.803024462824425], [-122.3971049826243, 37.80302453422965], [-122.39710446517466, 37.80302459752733], [-122.39710394527016, 37.803024653654816], [-122.3971034240692, 37.80302470349474], [-122.39710290266099, 37.803024745227034], [-122.39710238106873, 37.80302477975266], [-122.39710185702168, 37.80302480710812], [-122.39710133394873, 37.803024828139456], [-122.3971008095333, 37.803024841081545], [-122.39710028493376, 37.80302484681687], [-122.39709976015003, 37.803024845345476], [-122.39709923631757, 37.803024836649186], [-122.39709871230089, 37.80302482074608], [-122.39709818923544, 37.80302479761807], [-122.39709766598588, 37.80302476728332], [-122.39709714368747, 37.80302472972365], [-122.39709662234024, 37.803024684939004], [-122.39709610307958, 37.80302463291111], [-122.39709558361177, 37.80302457277566], [-122.39709506625353, 37.80302450629778], [-122.39709454984649, 37.80302443259498], [-122.39709403554905, 37.803024352549805], [-122.39709352331516, 37.80302426436057], [-122.39709301203234, 37.803024168946266], [-122.39709250399464, 37.80302406717142], [-122.39709199804332, 37.80302395815323], [-122.39709149417857, 37.80302384189187], [-122.39709099355886, 37.80302371926982], [-122.39709049500259, 37.803023588503756], [-122.39708999971427, 37.8030234522778], [-122.39708950764783, 37.803023308790344], [-122.39708901993863, 37.80302315802324], [-122.39708853433902, 37.80302300091361], [-122.39708805198431, 37.80302283744337], [-122.39708757398692, 37.80302266669336], [-122.39708709923435, 37.8030224895827], [-122.3970866288621, 37.80302230609316], [-122.39708616284707, 37.80302211532374], [-122.39708570009998, 37.803021919094604], [-122.39708524284549, 37.80302171556742], [-122.39708478885905, 37.80302150658048], [-122.39708434038805, 37.80302129119625], [-122.39708389743268, 37.80302106941485], [-122.39708345885765, 37.80302084125456], [-122.39708302468587, 37.8030206076162], [-122.39708259602982, 37.803020367580594], [-122.39708217291223, 37.80302012204864], [-122.39708175533332, 37.80301987102035], [-122.39708134327005, 37.80301961359491], [-122.39708093672242, 37.80301934977231], [-122.39708053689478, 37.80301908223672], [-122.3970801414474, 37.803018808322236], [-122.39707975378627, 37.80301852797402], [-122.39707937168691, 37.80301824303033], [-122.39707899514906, 37.803017953491114], [-122.39707862528526, 37.803017658437206], [-122.39707826323087, 37.8030173578505], [-122.39707790673803, 37.803017052668274], [-122.3970775569422, 37.803016742872245], [-122.39707721495574, 37.80301642754343], [-122.39707687853087, 37.80301610761901], [-122.39707654996133, 37.803015783963495], [-122.39707622920116, 37.80301545477503], [-122.39707591516111, 37.80301512187365], [-122.39707560781795, 37.803014784358496], [-122.39614740128323, 37.80196240397213], [-122.39614691067128, 37.80196182787753], [-122.39614664914109, 37.80196150494396], [-122.39614639546618, 37.801961178279214], [-122.39614614853421, 37.8019608488025], [-122.3961459105929, 37.80196051557633], [-122.39614567825929, 37.8019601795564], [-122.3961454537809, 37.801959839805335], [-122.39614523715777, 37.80195949632311], [-122.39614502730073, 37.80195915092971], [-122.39614482645725, 37.80195880268778], [-122.39614463122142, 37.80195845165198], [-122.39614444499918, 37.8019580977677], [-122.3961442666553, 37.80195774105314], [-122.39614409621277, 37.80195738240908], [-122.39614393367151, 37.80195702183554], [-122.39614377900851, 37.80195665843171], [-122.39614363224688, 37.80195629309848], [-122.39614349338653, 37.80195592583575], [-122.39614336356283, 37.80195555662523], [-122.39614324050503, 37.80195518550361], [-122.39614312648398, 37.80195481243427], [-122.39614302038719, 37.801954438336246], [-122.39614292221468, 37.80195406320963], [-122.39614283307886, 37.80195368613536], [-122.39614275186739, 37.80195330803242], [-122.3961426797385, 37.80195292978343], [-122.39614261437559, 37.80195254962329], [-122.39614255920765, 37.801952168397996], [-122.39614251085179, 37.80195178706314], [-122.39614247155548, 37.80195140468139], [-122.39614244020659, 37.80195102217192], [-122.39614241791723, 37.80195063861559], [-122.39614240359819, 37.80195025583231], [-122.39614239833888, 37.80194987200209], [-122.39614240104989, 37.801949488945], [-122.39614241170818, 37.80194910576003], [-122.39614243144912, 37.801948722429096], [-122.39614246027266, 37.80194833895214], [-122.39614249595428, 37.801947957167286], [-122.39614254071847, 37.801947575236454], [-122.39614259458837, 37.801947194060325], [-122.39614265642864, 37.80194681365732], [-122.39614272626218, 37.801946434928226], [-122.39614280404301, 37.801946056071344], [-122.39614289095256, 37.80194567887012], [-122.39614298583244, 37.80194530244186], [-122.39614308986394, 37.801944928570165], [-122.39614320073044, 37.80194455548975], [-122.39614332070262, 37.80194418316418], [-122.39614344755579, 37.801943813431514], [-122.39614358353762, 37.801943445354595], [-122.39614372753579, 37.80194307985232], [-122.39614387952722, 37.80194271602398], [-122.39614403951205, 37.801942353869556], [-122.39614420751327, 37.801941994289784], [-122.39614438353081, 37.80194163728482], [-122.3961445675646, 37.8019412828545], [-122.39614475845643, 37.801940930116444], [-122.39614495738756, 37.80194058085393], [-122.39614516433505, 37.801940234166146], [-122.39614537818657, 37.801939890972164], [-122.39614560005445, 37.80193955035291], [-122.39614582993856, 37.801939212308376], [-122.39614606672679, 37.80193887775765], [-122.39614631041898, 37.801938546700875], [-122.3961465621735, 37.80193822002039], [-122.39614681965072, 37.80193789505037], [-122.39614708521324, 37.80193757535755], [-122.39614735879226, 37.80193725823946], [-122.3961476370274, 37.80193694555256], [-122.39614792332505, 37.801936637242086], [-122.396148217639, 37.80193633150635], [-122.39614851663234, 37.80193603110262], [-122.39614882366492, 37.80193573417443], [-122.39614913537692, 37.801935442578255], [-122.3961494551282, 37.80193515445768], [-122.39614978067128, 37.80193487074999], [-122.39615011200591, 37.80193459145531], [-122.39615045029063, 37.80193431745606], [-122.39615079323177, 37.801934047887976], [-122.39615114312284, 37.80193378361542], [-122.39615149878261, 37.80193352285491], [-122.39615185914471, 37.80193326832722], [-122.39615222529864, 37.80193301821253], [-122.39615259726705, 37.80193277341152], [-122.3961529750503, 37.801932533924344], [-122.39615335751279, 37.801932299769106], [-122.39615374579007, 37.80193207092769], [-122.39615601891836, 37.80191972297177], [-122.39838366496866, 37.80067269644995], [-122.3982789663044, 37.80055522758647], [-122.39798901235079, 37.80023042615443], [-122.39576709791383, 37.801472530927015], [-122.39576660279408, 37.801472801138], [-122.39576619929869, 37.80147301219864], [-122.39576579225944, 37.80147321790908], [-122.39576537940559, 37.801473418305655], [-122.39576496296169, 37.80147361155035], [-122.3957645418615, 37.80147380036383], [-122.39576411605896, 37.801473982944465], [-122.39576368782481, 37.80147415925569], [-122.39576325491129, 37.801474330234875], [-122.3957628184309, 37.801474494962974], [-122.3957623783834, 37.80147465343999], [-122.39576193476904, 37.80147480566578], [-122.39576148761059, 37.801474952541426], [-122.39576103799756, 37.801475092246775], [-122.39576058484045, 37.801475226601845], [-122.39576012922873, 37.801475353786685], [-122.39575967118532, 37.80147547470218], [-122.39575920957493, 37.80147558936659], [-122.39575874666825, 37.801475697743335], [-122.39575828019457, 37.80147579986898], [-122.39575781242462, 37.80147589570705], [-122.39575734219986, 37.801475984374896], [-122.39575687067888, 37.801476066755065], [-122.39575639672621, 37.80147614286589], [-122.39575592145417, 37.80147621178823], [-122.39575544490881, 37.8014762753238], [-122.39575496702116, 37.80147633077008], [-122.39575448786009, 37.80147638082956], [-122.39575400737972, 37.80147642370067], [-122.39575352558006, 37.8014764593832], [-122.3957530436424, 37.80147648966078], [-122.39575256149772, 37.80147651183076], [-122.39575207919191, 37.801476527694874], [-122.39575159561292, 37.80147653817222], [-122.39575111296209, 37.80147654052377], [-122.39575062901508, 37.801476536587714], [-122.39575014604235, 37.80147652632751], [-122.3957496640209, 37.80147650884239], [-122.39574918183843, 37.80147648505136], [-122.39574869949496, 37.801476454954404], [-122.39574821810277, 37.80147641763255], [-122.39574773879733, 37.80147637306754], [-122.3957472593538, 37.80147632309735], [-122.39574678086153, 37.80147626590232], [-122.39574630447898, 37.801476202364874], [-122.39574583018306, 37.80147613158419], [-122.39574535686143, 37.80147605447942], [-122.39574488451417, 37.801475971050564], [-122.39574441541177, 37.801475881260956], [-122.39574394726077, 37.801475784246506], [-122.39574348121943, 37.80147568088966], [-122.39574301844598, 37.80147557207302], [-122.39574255775916, 37.80147545601315], [-122.39574210034043, 37.80147533449348], [-122.39574164500827, 37.80147520573069], [-122.39574119178576, 37.801475070625386], [-122.39574074294342, 37.801474929141314], [-122.39574029625686, 37.801474783116525], [-122.39573985390454, 37.801474628911194], [-122.39573941370791, 37.80147447016514], [-122.39573897786852, 37.801474304139354], [-122.39573854643248, 37.801474132635605], [-122.39573811712893, 37.801473955690255], [-122.3957376933412, 37.8014737723478], [-122.39573727279824, 37.80147358264469], [-122.39573685665874, 37.80147338746363], [-122.3957364449224, 37.801473186804444], [-122.3957360375664, 37.80147297976644], [-122.39573563577207, 37.801472768133024], [-122.3957352372227, 37.80147255013886], [-122.39573484423494, 37.801472327549384], [-122.39573445676274, 37.801472098562655], [-122.39573407371681, 37.8014718649988], [-122.39573369507421, 37.8014716259569], [-122.39573332310557, 37.80147138140046], [-122.39573295556316, 37.80147113226689], [-122.3957325946948, 37.8014708776187], [-122.39573223825262, 37.80147061839332], [-122.39573188848445, 37.80147035365346], [-122.39573154427792, 37.80147008431814], [-122.39573120679123, 37.80146981126991], [-122.39573087370789, 37.801469532743646], [-122.39573054845678, 37.8014692495855], [-122.39573022763204, 37.80146896185011], [-122.39572991463952, 37.801468669482766], [-122.39572960836693, 37.80146837340259], [-122.39572930765597, 37.80146807272694], [-122.39572901366499, 37.80146776833847], [-122.39544476113365, 37.80116761365341], [-122.39544436163158, 37.80116718028487], [-122.39544408444276, 37.80116686661353], [-122.39544381395083, 37.80116654832856], [-122.39544355133711, 37.80116622721325], [-122.39544329430804, 37.80116590240346], [-122.39544304513427, 37.80116557386245], [-122.39544280381573, 37.80116524159047], [-122.39544256924009, 37.801164906506465], [-122.39544234251967, 37.801164567691345], [-122.39544212254225, 37.80116422606421], [-122.39544191044305, 37.801163881606826], [-122.39544170619905, 37.8011635334183], [-122.39544150987936, 37.80116318420131], [-122.3954413202565, 37.80116283037054], [-122.3954411396933, 37.80116247549305], [-122.39544096587296, 37.8011621178035], [-122.39544079993091, 37.801161757283744], [-122.39544064302534, 37.80116139481626], [-122.39544049286278, 37.80116102953683], [-122.39544035178271, 37.80116066411134], [-122.39544021855795, 37.801160294954805], [-122.3954400932574, 37.801159924769706], [-122.39543997585814, 37.80115955265519], [-122.39543986749537, 37.80115917859304], [-122.39543976707989, 37.801158804403094], [-122.39543967340727, 37.801158427401226], [-122.39543958995256, 37.80115805023505], [-122.3954395143991, 37.80115767113951], [-122.3954394467699, 37.80115729101537], [-122.3954393870879, 37.80115691076356], [-122.39543933760079, 37.80115652944662], [-122.39543929492558, 37.80115614802019], [-122.39543926130995, 37.80115576554689], [-122.39543923448323, 37.80115538206338], [-122.39543921787441, 37.80115499841556], [-122.39543920923575, 37.80115461554089], [-122.39543920967967, 37.80115423252023], [-122.39543921804788, 37.801153848470946], [-122.39543923438632, 37.801153465194844], [-122.39543925983023, 37.80115308267357], [-122.39543929322139, 37.80115270002453], [-122.39543933458278, 37.80115231814866], [-122.39543938504983, 37.80115193702755], [-122.395439443464, 37.80115155577877], [-122.39543951100671, 37.80115117618572], [-122.39543958651976, 37.80115079736568], [-122.39543967002595, 37.80115042021966], [-122.39543976261476, 37.80115004292759], [-122.39543986208443, 37.80114966822862], [-122.39543997068259, 37.8011492951853], [-122.39544008725105, 37.80114892291507], [-122.39544021294809, 37.80114855230061], [-122.39544034550292, 37.80114818337831], [-122.3954404872094, 37.801147817012534], [-122.39544063575072, 37.801147451438084], [-122.39544079346662, 37.80114708932098], [-122.39544095804048, 37.80114672889617], [-122.39544113176584, 37.801146371027805], [-122.39544131237209, 37.80114601575255], [-122.39544150097151, 37.8011456621511], [-122.39544169761025, 37.8011453120254], [-122.39544190112987, 37.80114496449265], [-122.39544211266576, 37.80114461953477], [-122.39544233110547, 37.80114427807063], [-122.39544255869676, 37.80114393916318], [-122.39544279205663, 37.80114360376767], [-122.395443034591, 37.801143271829666], [-122.39544328289396, 37.801142943403725], [-122.39544353807791, 37.80114261757083], [-122.39544380245935, 37.80114229609617], [-122.395444071474, 37.80114197815184], [-122.39544434966324, 37.80114166366486], [-122.39544463250878, 37.80114135360915], [-122.39544492339351, 37.80114104702898], [-122.39544522006975, 37.80114074486178], [-122.39544552480837, 37.80114044707106], [-122.39544583531541, 37.80114015279251], [-122.39544615277242, 37.80113986380941], [-122.39544647599797, 37.801139578338415], [-122.3954468050381, 37.801139298181276], [-122.39544714100523, 37.801139022418866], [-122.3954474816285, 37.8011387510876], [-122.39544782917875, 37.80113848415106], [-122.39544818254355, 37.80113822252832], [-122.3954485417229, 37.80113796621935], [-122.39544890669389, 37.80113771432328], [-122.39544927634408, 37.80113746775933], [-122.3954496517859, 37.80113722560829], [-122.39545003195293, 37.80113699059104], [-122.39545041788857, 37.801136759085814], [-122.39545080966181, 37.801136533795265], [-122.39752503221027, 37.799970295071404], [-122.39753084008902, 37.799966189436006], [-122.39753654392526, 37.7999620124765], [-122.39754215493394, 37.799957758605174], [-122.39754767082125, 37.79995342695773], [-122.39755309163337, 37.79994901933599], [-122.39755841401042, 37.79994453759632], [-122.39756363797541, 37.799939982639586], [-122.3975687601685, 37.799935356322344], [-122.39757377950046, 37.79993066046446], [-122.39757869597122, 37.79992589506608], [-122.39758350508575, 37.79992106200183], [-122.39758820916057, 37.79991616303696], [-122.39759280256528, 37.79991120006449], [-122.39759728761665, 37.79990617484954], [-122.39760166204391, 37.79990108742863], [-122.39760592251038, 37.79989594055916], [-122.39761007017432, 37.799890735123654], [-122.39761410167597, 37.799885472978644], [-122.39761801708433, 37.79988015682669], [-122.39762181524112, 37.79987478578514], [-122.39762549510317, 37.7998693634757], [-122.39762905444604, 37.7998638917366], [-122.39763249329255, 37.799858371468616], [-122.39763581053063, 37.79985280359098], [-122.39763900395867, 37.799847190842584], [-122.3976420736228, 37.7998415350253], [-122.39758221668829, 37.79977443801273], [-122.39738195385674, 37.79954882625468], [-122.39736252041571, 37.79955955960937], [-122.39725686401194, 37.79944226478912], [-122.39697290459962, 37.799609667884326], [-122.39689650272088, 37.79963281697508], [-122.39694447747782, 37.79957881085927], [-122.39725113837028, 37.79940145103177], [-122.39707058066213, 37.79919802131523], [-122.39674118832536, 37.798834500059485], [-122.39670219919209, 37.798856019895354], [-122.39666979433385, 37.798822110403684], [-122.39662507213774, 37.798846795545245], [-122.39662441108761, 37.79884714953782], [-122.39662400411113, 37.79884735705294], [-122.39662359356774, 37.798847558317], [-122.39662317720979, 37.798847754267335], [-122.39662275726195, 37.79884794306572], [-122.39662233379318, 37.79884812741463], [-122.39662190562223, 37.79884830553075], [-122.39662147388437, 37.79884847739581], [-122.39662103860256, 37.798848643910546], [-122.3966205986185, 37.79884880419246], [-122.39662015620286, 37.79884895820506], [-122.39661971022018, 37.79884910596652], [-122.39661926180592, 37.79884924745862], [-122.39661880982474, 37.7988493826997], [-122.39661835427663, 37.79884951168962], [-122.39661789629695, 37.798849634410125], [-122.39661743588547, 37.79884975086141], [-122.39661697304244, 37.798849861043266], [-122.39661650774468, 37.798849964054924], [-122.3966160400384, 37.79885006169813], [-122.39661557101256, 37.7988501521528], [-122.39661509955525, 37.79885023633814], [-122.39661462564324, 37.79885031335327], [-122.39661415159317, 37.798850384963366], [-122.39661367508842, 37.798850449403304], [-122.39661319728722, 37.79885050755561], [-122.39661271816679, 37.79885055851943], [-122.39661223774993, 37.798850603195675], [-122.396611757149, 37.79885064066524], [-122.39661127641, 37.79885067272971], [-122.39661079319329, 37.79885069672316], [-122.39661031095085, 37.7988507143925], [-122.39660982741208, 37.79885072577419], [-122.39660934484749, 37.79885073083176], [-122.39660886094045, 37.79885072780006], [-122.39660837803069, 37.79885071934505], [-122.39660789493675, 37.79885070368332], [-122.3966074128171, 37.7988506816975], [-122.39660693164868, 37.79885065248665], [-122.39660644918385, 37.798850616988176], [-122.39660596882854, 37.79885057514739], [-122.39660548940137, 37.79885052518074], [-122.39660501212978, 37.798850470673344], [-122.39660453465096, 37.79885040805841], [-122.39660405928177, 37.798850339101186], [-122.39660358602201, 37.79885026380144], [-122.3966031137365, 37.79885018217762], [-122.39660264353745, 37.79885009331053], [-122.39660217547082, 37.79884999900195], [-122.39660170949078, 37.79884989745007], [-122.39660124562018, 37.79884978955589], [-122.39660078385909, 37.79884967531921], [-122.39660032534279, 37.79884955472196], [-122.39659987009428, 37.79884942866493], [-122.39659941577399, 37.79884929448199], [-122.39659896587968, 37.798849155721896], [-122.3965985192072, 37.79884900970029], [-122.39659807466718, 37.79884885823706], [-122.3965976345073, 37.79884870039501], [-122.39659719759216, 37.79884853619228], [-122.39659676508008, 37.79884836651148], [-122.39659633578975, 37.798848189569156], [-122.39659591092556, 37.798848008049674], [-122.39659548930607, 37.798847820169485], [-122.39659507208971, 37.79884762681124], [-122.39659465925345, 37.798847427074115], [-122.39659425082013, 37.798847221858836], [-122.39659384678997, 37.79884701116557], [-122.39659344829818, 37.798846794975994], [-122.39659305420943, 37.79884657330825], [-122.3965926645237, 37.79884634616254], [-122.39659228037645, 37.79884611352041], [-122.39659190065518, 37.79884587630112], [-122.3965915275846, 37.79884563266635], [-122.39659115896303, 37.798845385355214], [-122.39659079585688, 37.79884513164694], [-122.39659043831216, 37.79884487334316], [-122.39659008746395, 37.798844610425526], [-122.3965897410189, 37.79884434202998], [-122.3965894012935, 37.79884406992148], [-122.39658906824174, 37.798843792298335], [-122.39658874075138, 37.798843510079735], [-122.39658841884533, 37.798843224166504], [-122.39658810363589, 37.79884293363952], [-122.39658779510023, 37.79884263759796], [-122.39658749330712, 37.79884233874422], [-122.39658719821075, 37.79884203527682], [-122.39657873907811, 37.79883318446978], [-122.3957101708369, 37.79933375087174], [-122.39568190590995, 37.79940077031559], [-122.39558148762974, 37.79945944004033], [-122.39549163782925, 37.799462469512264], [-122.39520403947778, 37.79962557934366], [-122.39447145821818, 37.80004941809147], [-122.39448580555595, 37.80006345192816], [-122.39446300702414, 37.800109779807], [-122.39449585624787, 37.800144118935805], [-122.39443686005829, 37.80018151876922], [-122.39433833191502, 37.8001577433369], [-122.39425225150258, 37.800073542831825], [-122.39424423734884, 37.799994427418106], [-122.39430617527572, 37.79995600982314], [-122.39433995872679, 37.7999865507148], [-122.39440583845078, 37.799983907196335], [-122.3944201857635, 37.79999794104117], [-122.39538320400769, 37.799442023729924], [-122.39544427812835, 37.79940775955254], [-122.39546076023751, 37.79934885478825], [-122.39556509380127, 37.7992869526781], [-122.39565094716356, 37.79928398738949], [-122.3961375845619, 37.79901148857424], [-122.39652586732812, 37.79877785793516], [-122.39651274629479, 37.79876412905437], [-122.39651235858946, 37.79876371262266], [-122.39651207913451, 37.7987633989902], [-122.39651180642217, 37.798763082545655], [-122.39651154156486, 37.79876276237], [-122.3965112834272, 37.798762438481475], [-122.3965110320092, 37.79876211087998], [-122.39651078846909, 37.79876178044816], [-122.39651055162562, 37.79876144540267], [-122.39651032154794, 37.798761108445916], [-122.3965101004603, 37.79876076773969], [-122.39650988609252, 37.798760423320594], [-122.3965096784903, 37.798760076990234], [-122.39650947990134, 37.79875972781138], [-122.39650928803204, 37.798759374919506], [-122.39650910522202, 37.798759020980896], [-122.39650892915455, 37.798758664230085], [-122.39650876094208, 37.79875830374813], [-122.39650860178888, 37.79875794221929], [-122.39650844937836, 37.7987575778784], [-122.39650830602712, 37.798757212490614], [-122.39650816941854, 37.7987568442907], [-122.39650804298135, 37.79875647412484], [-122.39650792219771, 37.79875610296687], [-122.39650781158558, 37.7987557298428], [-122.39650770773903, 37.79875535480763], [-122.3965076140871, 37.798754978707194], [-122.39650752722383, 37.79875460159645], [-122.3965074482845, 37.79875422345702], [-122.39650737840445, 37.79875384427062], [-122.39650731644835, 37.79875346405569], [-122.3965072635515, 37.79875308279381], [-122.39650721857858, 37.798752700503314], [-122.39650718268796, 37.798752318066754], [-122.39650715474434, 37.7987519355023], [-122.39650713474768, 37.79875155281014], [-122.39650712381021, 37.798751169070975], [-122.39650712084286, 37.79875078610494], [-122.3965071269346, 37.79875040209201], [-122.39650714099648, 37.79875001885208], [-122.3965071630282, 37.798749636385104], [-122.3965071941423, 37.798749253772115], [-122.39650723433861, 37.798748871013075], [-122.3965072813926, 37.798748489946185], [-122.39650733752879, 37.79874810873323], [-122.39650740277038, 37.79874772827501], [-122.39650747486967, 37.798747349508965], [-122.39650755607414, 37.79874697149766], [-122.3965076463839, 37.79874659424119], [-122.3965077435744, 37.798746219577595], [-122.39650784984717, 37.79874584476801], [-122.39650796413599, 37.79874547253306], [-122.39650808641768, 37.79874510197202], [-122.39650821666942, 37.79874473218404], [-122.39650835607246, 37.79874436495245], [-122.39650850233319, 37.798743999413], [-122.39650865774517, 37.798743636430096], [-122.39650882001494, 37.798743275139245], [-122.39650899030066, 37.79874291642312], [-122.39650916973768, 37.79874256026344], [-122.39650935605535, 37.79874220669672], [-122.39650954923081, 37.79874185482215], [-122.3965097516036, 37.79874150730567], [-122.39650996083408, 37.79874116148133], [-122.39651017808043, 37.79874081823171], [-122.39651040225374, 37.79874047937683], [-122.39651063441988, 37.79874014219568], [-122.39651087351287, 37.79873980940921], [-122.39651111950946, 37.7987394801166], [-122.39651137352212, 37.79873915339869], [-122.39651163446152, 37.79873883107537], [-122.39651190228163, 37.798738511345], [-122.39651217702847, 37.79873819600933], [-122.39651245867906, 37.798737884167416], [-122.39651274727936, 37.79873757762108], [-122.39651304389572, 37.79873727364935], [-122.39651334516824, 37.798736974108884], [-122.39651365450273, 37.79873667894476], [-122.39651396849348, 37.798736388211815], [-122.3965142905462, 37.7987361018552], [-122.39651461725514, 37.798735819929774], [-122.39651495202605, 37.79873554238075], [-122.39651529147613, 37.79873527016372], [-122.3965156367177, 37.79873500235955], [-122.39651598888601, 37.79873473895005], [-122.39651634573346, 37.798734480872604], [-122.39651670837239, 37.798734227208016], [-122.39651707684881, 37.79873397975799], [-122.39651745111674, 37.79873373672087], [-122.3965178300638, 37.798733499015746], [-122.39651821482526, 37.798733266624374], [-122.39651860313074, 37.79873303958332], [-122.39652114469733, 37.79873027345271], [-122.396561854665, 37.79870916128403], [-122.39652943246853, 37.79867523491078], [-122.39657439089282, 37.79865041893378], [-122.39652302920221, 37.7985937343226], [-122.39649942093419, 37.79856796362141], [-122.39646668238818, 37.79858603486598], [-122.39635744807984, 37.79847173023928], [-122.39639318923494, 37.79845200298109], [-122.39586103440594, 37.79787110231348], [-122.39583949584754, 37.79787321856359], [-122.39582663008923, 37.79787472494789], [-122.39581379953682, 37.79787640920426], [-122.39580100870832, 37.79787827035874], [-122.39578825989724, 37.797880309275726], [-122.3957755575985, 37.79788252408044], [-122.39576290633018, 37.79788491379915], [-122.39575030952085, 37.79788747927797], [-122.39573777164267, 37.79789021774143], [-122.3957252949889, 37.797893130053744], [-122.39571288521306, 37.79789621522292], [-122.39570054453942, 37.79789947141086], [-122.39568827748616, 37.79790289764361], [-122.39567608745871, 37.79790649386661], [-122.39566397892936, 37.7979102573042], [-122.3956519553268, 37.79791418880266], [-122.39564001887538, 37.79791828652367], [-122.39562817404723, 37.79792254769196], [-122.39561642654154, 37.797926973116844], [-122.3956047763124, 37.79793156099691], [-122.39559323010226, 37.79793630852009], [-122.39558179018158, 37.797941215649985], [-122.39557045875205, 37.797946279647455], [-122.39555924151271, 37.79795150132228], [-122.39554813948389, 37.79795687615199], [-122.39553715836496, 37.79796240494622], [-122.39552630033442, 37.79796808406507], [-122.395515568798, 37.79797391345399], [-122.39550496709244, 37.79797989035563], [-122.39384217393157, 37.79893824872535], [-122.39384161843545, 37.798938555946435], [-122.39384121610668, 37.798938767883165], [-122.39384081025729, 37.79893897537053], [-122.39384039857046, 37.79893917664306], [-122.39383998334004, 37.798939372565314], [-122.39383956343053, 37.79893956315549], [-122.39383913879611, 37.79893974661184], [-122.3938387117532, 37.79893992469963], [-122.39383828003126, 37.7989400974553], [-122.39383784474268, 37.79894026395976], [-122.39383740588741, 37.798940424213065], [-122.3938369623301, 37.79894057823345], [-122.3938365174767, 37.79894072596621], [-122.39383606792133, 37.79894086746592], [-122.3938356159345, 37.79894100269631], [-122.39383516153924, 37.798941132558134], [-122.39383470355428, 37.79894125526784], [-122.393834243138, 37.79894137170817], [-122.39383377915499, 37.798941481897415], [-122.39383331385274, 37.798941584898095], [-122.39383284727744, 37.79894168251196], [-122.3938323782708, 37.79894177385644], [-122.39383190678667, 37.798941857129776], [-122.39383143291715, 37.798941935935424], [-122.39383095770549, 37.798942006651735], [-122.39383048119772, 37.79894207108045], [-122.39383000339389, 37.79894212922145], [-122.39382952540618, 37.798942180155734], [-122.39382904501007, 37.798942225721525], [-122.3938285644071, 37.7989422631797], [-122.39382808250808, 37.79894229435024], [-122.3938276004481, 37.798942319214866], [-122.39382711706915, 37.798942336891045], [-122.39382663466463, 37.79894234824316], [-122.39382615096389, 37.798942353307595], [-122.3938256682147, 37.79894235114704], [-122.39382518530456, 37.79894234268065], [-122.39382470221072, 37.79894232700751], [-122.39382422009128, 37.79894230501021], [-122.39382373778813, 37.798942275806276], [-122.39382325645929, 37.79894224027824], [-122.39382277610495, 37.79894219842606], [-122.39382229670206, 37.798942149348974], [-122.39382181827355, 37.79894209394776], [-122.39382134195483, 37.79894203220413], [-122.39382086658766, 37.798941963235684], [-122.39382039219477, 37.798941887943016], [-122.39381992107009, 37.79894180719068], [-122.3938194497385, 37.79894171833073], [-122.39381898167483, 37.79894162401104], [-122.39381851569802, 37.798941522448246], [-122.39381805183088, 37.79894141454304], [-122.3938175900965, 37.79894130119635], [-122.39381713158416, 37.79894118058829], [-122.39381667518155, 37.798941053637854], [-122.3938162220239, 37.79894092032687], [-122.39381577213432, 37.79894078155608], [-122.39381532546669, 37.79894063552393], [-122.39381488206713, 37.79894048403205], [-122.39381444077736, 37.79894032619785], [-122.39381400386785, 37.79894016198482], [-122.39381357022624, 37.79893999231195], [-122.39381314210034, 37.79893981624219], [-122.39381271610708, 37.79893963473092], [-122.3938122944941, 37.79893944684077], [-122.39381187728446, 37.798939253472675], [-122.39381146445521, 37.79893905372582], [-122.39381105605206, 37.798938849401715], [-122.39381065200631, 37.798938637798116], [-122.39381025354508, 37.798938422499944], [-122.39380985830593, 37.79893819994034], [-122.39380946978658, 37.79893797366799], [-122.39380908451214, 37.79893774103504], [-122.39380870593463, 37.79893750378857], [-122.39380833176047, 37.79893726106411], [-122.39380796312479, 37.79893701284339], [-122.39380760002763, 37.79893675912657], [-122.39380724251512, 37.79893650171517], [-122.39380689165337, 37.79893623788851], [-122.39380654524092, 37.79893597038561], [-122.39380620550232, 37.798935697368215], [-122.39380587134828, 37.7989354206563], [-122.39380554386798, 37.79893513843], [-122.39380522310759, 37.798934852490945], [-122.39380490790867, 37.79893456195645], [-122.39380459940669, 37.7989342668085], [-122.39380429646619, 37.798933967065096], [-122.39380400138072, 37.798933663590724], [-122.39380371187991, 37.79893335642185], [-122.39380343021108, 37.79893304462116], [-122.39355821090211, 37.79866118745828], [-122.39355789282408, 37.798660828477615], [-122.39355762121413, 37.79866051020638], [-122.39355735748217, 37.79866018910498], [-122.39355710047002, 37.79865986429083], [-122.39355685131302, 37.79865953574585], [-122.39355660889868, 37.798659204388805], [-122.39355637433947, 37.79865886930085], [-122.39355614652303, 37.79865853140104], [-122.39355592656172, 37.79865818977023], [-122.39355571334308, 37.798657845327526], [-122.39355550913781, 37.79865749803654], [-122.39355531167529, 37.79865714793352], [-122.39355512209086, 37.79865679500051], [-122.39355494040745, 37.79865644013814], [-122.39355476660212, 37.798656082445625], [-122.39355460067475, 37.798655721923], [-122.39355444264854, 37.798655359471034], [-122.3935542925233, 37.79865499508986], [-122.39355415029905, 37.798654628779445], [-122.3935540159758, 37.798654260539706], [-122.39355389068886, 37.798653890352384], [-122.39355377330301, 37.79865351823581], [-122.39355366381807, 37.798653144189984], [-122.39355356228023, 37.79865277001648], [-122.39355346862042, 37.79865239301295], [-122.39355338517805, 37.79865201584526], [-122.39355330852446, 37.7986516376674], [-122.39355323977186, 37.798651257560195], [-122.39355318010155, 37.79865087730725], [-122.39355312949053, 37.79865049600758], [-122.39355308566824, 37.798650113697704], [-122.39355305206347, 37.79864973122378], [-122.39355302527026, 37.798649348640396], [-122.39355300753648, 37.79864896501044], [-122.39355299890795, 37.798648582135456], [-122.39355299820326, 37.798648198231966], [-122.39355300546868, 37.798647815101766], [-122.39355302181619, 37.798647431825735], [-122.39355304613369, 37.7986470493229], [-122.39355307951061, 37.798646665773354], [-122.39355312088028, 37.798646283897966], [-122.39355317021997, 37.79864590279578], [-122.39355322866483, 37.79864552244859], [-122.39355329505669, 37.79864514197377], [-122.39355336944145, 37.798644763173066], [-122.39355345295442, 37.79864438602813], [-122.3935535444373, 37.798644009656485], [-122.39355364389016, 37.79864363405806], [-122.39355375133601, 37.798643260133716], [-122.39355386790989, 37.798642887865235], [-122.39355399249982, 37.7986425181716], [-122.39355412505964, 37.79864214925124], [-122.39355426561235, 37.7986417820049], [-122.39355441418091, 37.79864141733355], [-122.39355457074245, 37.798641054336215], [-122.39355473531982, 37.79864069391377], [-122.39355490675491, 37.79864033518376], [-122.39355508849934, 37.79863997989292], [-122.39355527596618, 37.798639626312635], [-122.3935554714719, 37.79863927620814], [-122.3935556749705, 37.798638927777674], [-122.39355588650794, 37.79863858282293], [-122.39355610494896, 37.79863824136221], [-122.39355633140589, 37.79863790247633], [-122.39355656476643, 37.798637567084555], [-122.39355680614281, 37.7986372342676], [-122.39355705442287, 37.79863690494467], [-122.39355730962936, 37.798636580016506], [-122.39355757171647, 37.79863625768151], [-122.39355784186546, 37.798635939723106], [-122.3935581177827, 37.798635625276944], [-122.39355840173886, 37.79863531430644], [-122.39355869148629, 37.79863500774908], [-122.39355898816022, 37.798634705586494], [-122.3935592917378, 37.798634406917905], [-122.39355960224192, 37.79863411264411], [-122.39355991853724, 37.79863382278339], [-122.39356024175923, 37.79863353731751], [-122.3935605707953, 37.79863325716548], [-122.39356090559987, 37.79863298052565], [-122.39356124621852, 37.79863270919972], [-122.39356159376383, 37.79863244226861], [-122.3935619459651, 37.7986321797688], [-122.39356230513886, 37.79863192346539], [-122.39356266894559, 37.79863167069254], [-122.39356303858958, 37.79863142413432], [-122.3935634140249, 37.79863118198923], [-122.39356379416218, 37.79863094607708], [-122.39356418009058, 37.79863071457791], [-122.39356457069812, 37.79863048841093], [-122.39545515153385, 37.797548701109854], [-122.39549344262457, 37.79746973181437], [-122.39542279102164, 37.79739253347052], [-122.39530446155395, 37.79739443537889], [-122.39513168057206, 37.79749493575813], [-122.39499621193711, 37.79734123070129], [-122.39517671683494, 37.79723623731983], [-122.39520396166715, 37.79715342805544], [-122.39517458694915, 37.797121332264545], [-122.39501615265819, 37.79712387842624], [-122.39484213827582, 37.79722757316986], [-122.3948767345941, 37.79725845321771], [-122.39321331008556, 37.798247315421506], [-122.39321292066025, 37.798247543370834], [-122.39321252653309, 37.798247765087105], [-122.39321212772705, 37.798247981471334], [-122.39321172424201, 37.79824819252337], [-122.39321131605504, 37.79824839734252], [-122.39321090318917, 37.798248596829474], [-122.39321048562148, 37.79824879008341], [-122.39321006451011, 37.798248977987065], [-122.3932096398551, 37.798249160540365], [-122.39320920933994, 37.79824933597805], [-122.39320877641639, 37.798249506047085], [-122.39320833994927, 37.79824967076591], [-122.39320789989246, 37.7982498283326], [-122.39320745629202, 37.798249980548924], [-122.39320700912506, 37.79825012651402], [-122.3932065595038, 37.79825026530891], [-122.39320610520352, 37.79825039877164], [-122.39320564960722, 37.79825052594669], [-122.39320519157954, 37.79825064685242], [-122.39320472996228, 37.79825076060601], [-122.39320426593665, 37.79825086899101], [-122.39320380059209, 37.79825097018761], [-122.39320333168082, 37.79825106513292], [-122.39320286147343, 37.79825115379064], [-122.39320238994713, 37.79825123525982], [-122.39320191601244, 37.79825131136034], [-122.39320144075866, 37.79825138027252], [-122.39320096305063, 37.79825144201439], [-122.39320048518181, 37.798251497450366], [-122.39320000601687, 37.79825154659862], [-122.39319952553295, 37.798251588558436], [-122.3931990448883, 37.79825162421242], [-122.39319856294746, 37.79825165357869], [-122.39319808082296, 37.79825167573823], [-122.3931975974023, 37.79825169161022], [-122.39319711493326, 37.798251700257154], [-122.39319663116808, 37.798251702616476], [-122.39319614837744, 37.79825169865166], [-122.39319566540307, 37.79825168748017], [-122.39319518224492, 37.79825166910193], [-122.39319470006126, 37.79825164439962], [-122.39319421887501, 37.798251614274065], [-122.39319373748214, 37.798251576040855], [-122.39319325819895, 37.79825153146536], [-122.393192778755, 37.79825148058402], [-122.39319230139786, 37.79825142245948], [-122.39319182387993, 37.79825135802909], [-122.39319134960697, 37.7982512872381], [-122.39319087630852, 37.79825121012305], [-122.39319040509693, 37.79825112576478], [-122.39318993599514, 37.79825103506422], [-122.39318946786771, 37.798250938039516], [-122.39318900185017, 37.7982508346725], [-122.39318853907767, 37.798250724944964], [-122.39318807841485, 37.79825060887502], [-122.39318762097412, 37.798250485543704], [-122.39318716566616, 37.79825035677096], [-122.39318671360324, 37.79825022163761], [-122.39318626476239, 37.798250079242834], [-122.39318581807728, 37.79824993230747], [-122.39318537574948, 37.798249778092384], [-122.39318493668968, 37.79824961841767], [-122.39318450201027, 37.79824945236419], [-122.39318406944055, 37.79824927996826], [-122.3931836412741, 37.798249102094545], [-122.393183217511, 37.798248918742814], [-122.39318279696997, 37.79824872812967], [-122.39318238199047, 37.79824853292116], [-122.39318197027892, 37.79824833225297], [-122.3931815640601, 37.79824812428694], [-122.39318116115514, 37.79824791266285], [-122.39318076374285, 37.798247693740976], [-122.3931803718921, 37.79824747022365], [-122.39317998333235, 37.79824724214759], [-122.39317960142344, 37.798247007656194], [-122.39317922391778, 37.7982467676869], [-122.39317885197373, 37.79824652312226], [-122.3931784844329, 37.7982462730797], [-122.3931781247242, 37.79824601840532], [-122.39317776941876, 37.79824575825309], [-122.39317741967488, 37.79824549350543], [-122.39317707549249, 37.79824522416248], [-122.39317673800696, 37.79824495020597], [-122.39317640605995, 37.79824467075329], [-122.39317608083272, 37.79824438758785], [-122.39317576116704, 37.798244099827194], [-122.39317544819818, 37.7982438074529], [-122.3931751419261, 37.79824351046503], [-122.39317484239686, 37.798243210665355], [-122.39317454954136, 37.79824290535122], [-122.39292410936315, 37.79797764285772], [-122.3929236934939, 37.79797718991709], [-122.39292341743986, 37.79797687532059], [-122.39292314810571, 37.79797655701135], [-122.39292288549123, 37.797976234989505], [-122.3929226307318, 37.79797590923662], [-122.39292238269218, 37.797975579771126], [-122.39292214139527, 37.79797524749371], [-122.39292190795335, 37.79797491148539], [-122.3929216823895, 37.79797457264699], [-122.3929214635453, 37.79797423009593], [-122.39292125260224, 37.797973885615654], [-122.39292104953705, 37.79797353830524], [-122.39292085430408, 37.79797318636303], [-122.39292066585959, 37.79797283341067], [-122.39292048642848, 37.79797247760999], [-122.39292031376306, 37.79797211989827], [-122.39292015011085, 37.79797175933825], [-122.39291999320146, 37.79797139596645], [-122.39291984535119, 37.797971031547974], [-122.39291970424375, 37.797970664317624], [-122.39291957217249, 37.79797029513979], [-122.39291944916046, 37.797969924915286], [-122.39291933177878, 37.7979695527981], [-122.3929192245686, 37.79796917871514], [-122.39291912528252, 37.7979688036038], [-122.39291903389724, 37.797968426563244], [-122.39291895159418, 37.79796804937685], [-122.39291887719216, 37.797967670261244], [-122.39291881071401, 37.79796729011719], [-122.39291875218274, 37.79796690984565], [-122.39291870271069, 37.79796652852743], [-122.39291866116251, 37.79796614618076], [-122.3929186298319, 37.797965763670156], [-122.39291860528992, 37.79796538014939], [-122.3929185887177, 37.79796499740188], [-122.39291858236308, 37.797964614490276], [-122.39291858279691, 37.797964230568525], [-122.39291859233603, 37.79796384740186], [-122.39291861095731, 37.79796346408943], [-122.39291863752537, 37.79796308064941], [-122.39291867208642, 37.79796269888347], [-122.39291871459433, 37.79796231699004], [-122.3929187662073, 37.79796193585154], [-122.39291882576721, 37.79796155458557], [-122.39291889445526, 37.79796117497551], [-122.3929189711361, 37.79796079703953], [-122.39291905576378, 37.79796041897596], [-122.39291914951961, 37.79796004256832], [-122.39291925126824, 37.79795966783473], [-122.39291936100983, 37.79795929477537], [-122.39291947872115, 37.79795892248917], [-122.39291960444822, 37.797958552777935], [-122.39291973816827, 37.79795818474084], [-122.3929198809933, 37.79795781745883], [-122.39292003185716, 37.797957453652586], [-122.39292018955558, 37.7979570906379], [-122.39292035642816, 37.79795673108069], [-122.39292053015821, 37.79795637321583], [-122.39292071190397, 37.79795601792599], [-122.39292090166562, 37.79795566521105], [-122.39292109944302, 37.797955315071114], [-122.39292130412389, 37.7979549684251], [-122.39292151682064, 37.79795462435411], [-122.39292173753311, 37.797954282858086], [-122.39292196514909, 37.79795394485604], [-122.39292219964565, 37.797953609447255], [-122.39292244331611, 37.797953277495914], [-122.39292269277786, 37.79795294995769], [-122.39292294912003, 37.797952625012734], [-122.39292321350109, 37.797952303543525], [-122.39292348480853, 37.79795198646912], [-122.39292376301944, 37.79795167288878], [-122.39292404813386, 37.797951362802436], [-122.39292433903945, 37.797951057129175], [-122.39292463800676, 37.79795075583251], [-122.39292494274228, 37.79795045804812], [-122.39292525440429, 37.79795016465863], [-122.39292557188043, 37.79794987658296], [-122.39292589625998, 37.797949592001366], [-122.39292622643083, 37.79794931183286], [-122.39292656239279, 37.7979490360774], [-122.39292690530426, 37.7979487656177], [-122.39292725402983, 37.797948500471904], [-122.39292760852354, 37.79794823883832], [-122.39292796771915, 37.7979479834377], [-122.39292833270596, 37.79794773245019], [-122.39292870461921, 37.79794748585754], [-122.39292908009907, 37.79794724551608], [-122.39292946139297, 37.79794701048852], [-122.39293334082072, 37.79793840295729], [-122.39302330930026, 37.797891720768554], [-122.39341807596702, 37.797664270502864], [-122.3934952392977, 37.797594507218655], [-122.39361558104243, 37.797492518137226], [-122.39379640697655, 37.797346633016524], [-122.3938580942432, 37.79729356778169], [-122.3945354964846, 37.79689086532923], [-122.39451801969096, 37.79687518390027], [-122.39479711042291, 37.79670887503891], [-122.39469002832237, 37.79659186855553], [-122.39468122461108, 37.79658160104532], [-122.39427343103826, 37.79681913143626], [-122.39351740746955, 37.797258483513296], [-122.39355081199623, 37.79729364399264], [-122.39316869332734, 37.79750801523476], [-122.39309158519326, 37.797425958936955], [-122.39346860287846, 37.79720770362558], [-122.3934908564368, 37.797233051471714], [-122.39412696319302, 37.796863388591255], [-122.3939319528944, 37.79664893386461], [-122.39385042966569, 37.79668792362104], [-122.3937425182189, 37.7965746308852], [-122.39388082137366, 37.79650696485526], [-122.39359788992779, 37.79619816278716], [-122.39352386646686, 37.79623703279389], [-122.39339727466597, 37.796098387706564], [-122.39348185485406, 37.79605721780731], [-122.39326349606159, 37.79583122023686], [-122.39319933862363, 37.79586269493477], [-122.39301392531013, 37.795654903201275], [-122.39305546136715, 37.79562826806661], [-122.39299776355048, 37.79556078987253], [-122.39158993501266, 37.79620518407292], [-122.39119608475536, 37.795779030299684], [-122.3924114327075, 37.79481964010547], [-122.39226696591041, 37.794667564309584], [-122.39194057306044, 37.794853728246366], [-122.39164948753425, 37.794547304589784], [-122.39182826722929, 37.79444533503392], [-122.39180182576305, 37.794417499145254], [-122.39194561994799, 37.79433548289422], [-122.39178962296438, 37.79417126569603], [-122.3917340318982, 37.794202973483664], [-122.39166688305713, 37.79413228657326], [-122.39172247523425, 37.794100578798734], [-122.39167249965703, 37.79404797040042], [-122.39198106085327, 37.79387197499864], [-122.39198177279252, 37.79387156884602], [-122.39158911829246, 37.79352771179228], [-122.39172372425178, 37.793428877011976], [-122.38880790967872, 37.7909778045664], [-122.38893016528945, 37.79088001968969], [-122.3886117748033, 37.790313330818876], [-122.38804906346316, 37.79050774011845], [-122.38801188719015, 37.79043147311319], [-122.38836923521177, 37.79030801404906], [-122.38828653412283, 37.790161231148424], [-122.3883208223568, 37.79015062634586], [-122.38824366800964, 37.790007421603256], [-122.38821898267797, 37.78999592366472], [-122.38807617044687, 37.790038493702596], [-122.3857440690041, 37.790970933685536], [-122.38574312765488, 37.7909712948043], [-122.38574263248263, 37.790971472150595], [-122.38574213372198, 37.79097164234459], [-122.38574163026044, 37.790971806305336], [-122.38574112434554, 37.7909719630957], [-122.38574061484223, 37.79097211273377], [-122.3857401017732, 37.790972256120355], [-122.38573958509282, 37.790972391453835], [-122.38573906595913, 37.79097251961692], [-122.3857385443949, 37.7909726415104], [-122.38573802035442, 37.7909727553326], [-122.38573749386066, 37.790972861984336], [-122.38573696491353, 37.79097296146569], [-122.38573643349014, 37.79097305287572], [-122.38573590077158, 37.79097313799804], [-122.38573536557666, 37.79097321504907], [-122.38573482906361, 37.79097328491152], [-122.38573429123232, 37.79097334758541], [-122.38573375206009, 37.79097340216984], [-122.38573321156963, 37.7909734495657], [-122.38573267089615, 37.79097348975482], [-122.38573212888153, 37.790973521854426], [-122.385731586684, 37.79097354674743], [-122.38573104316824, 37.79097356445177], [-122.38573049944668, 37.790973574048515], [-122.385729955542, 37.79097357643858], [-122.38572941258947, 37.790973571603715], [-122.3857288682959, 37.79097355867946], [-122.38572832611257, 37.790973539412924], [-122.38572778370045, 37.790973511138006], [-122.38572724110533, 37.79097347565632], [-122.38572670059756, 37.79097343293165], [-122.38572616104193, 37.790973382981974], [-122.38572562241553, 37.79097332490666], [-122.38572508476422, 37.79097326050733], [-122.38572454804215, 37.79097318798217], [-122.3857240145197, 37.790973107294974], [-122.38572348197233, 37.790973020283765], [-122.38572295148927, 37.79097292512867], [-122.38572242425175, 37.79097282361315], [-122.38572189794338, 37.79097271397192], [-122.38572137488038, 37.790972597970345], [-122.38572085388193, 37.79097247382491], [-122.38572033610588, 37.79097234241822], [-122.3857198215752, 37.79097220465121], [-122.38571930913186, 37.79097205964106], [-122.38571880104614, 37.790971907351604], [-122.38571829504778, 37.790971747819164], [-122.38571779340712, 37.79097158100727], [-122.3857172961469, 37.79097140781694], [-122.38571680210923, 37.79097122736541], [-122.38571631245205, 37.79097104053533], [-122.38571582604025, 37.79097084734482], [-122.3857153451213, 37.790970646856955], [-122.38571486858284, 37.79097043999043], [-122.385714396402, 37.79097022584462], [-122.38571392862461, 37.79097000622113], [-122.38571346634009, 37.790969779300106], [-122.38571300843607, 37.790969546000596], [-122.38571255607056, 37.79096930720521], [-122.38571210922085, 37.790969062013254], [-122.3857116678868, 37.79096881042457], [-122.38571123091045, 37.79096855155652], [-122.38571080065347, 37.790968288976195], [-122.38571037702458, 37.79096801908019], [-122.38570995893423, 37.79096774368836], [-122.38570954638244, 37.79096746280071], [-122.38570914048154, 37.79096717549819], [-122.38570874125438, 37.790966882681765], [-122.38570834758868, 37.79096658527028], [-122.38570796170897, 37.7909662814259], [-122.38570758139073, 37.790965972986534], [-122.38570720888137, 37.79096565901493], [-122.3857068419335, 37.790965340448444], [-122.38570648392972, 37.79096501633164], [-122.38570613148732, 37.790964687619855], [-122.38570578685389, 37.79096435337591], [-122.3857054500751, 37.79096401540156], [-122.38570512110523, 37.7909636718951], [-122.38570479885486, 37.79096332467635], [-122.38570448443625, 37.7909629728262], [-122.38570417784939, 37.79096261634484], [-122.3857038802295, 37.79096225521399], [-122.38570358935205, 37.790961891271714], [-122.38570330630627, 37.79096152269818], [-122.38570303225042, 37.79096115037599], [-122.3857027660491, 37.7909607743234], [-122.38570250767962, 37.79096039363951], [-122.38570225834575, 37.79096001100866], [-122.38570201800174, 37.79095962462923], [-122.38570178551232, 37.79095923451938], [-122.3857015609004, 37.79095884157985], [-122.3857013464136, 37.79095844487369], [-122.38570113982712, 37.79095804623865], [-122.38570094225338, 37.79095764475591], [-122.38550875321789, 37.79055650740723], [-122.38550851291919, 37.79055598854911], [-122.38550833562022, 37.790555580433434], [-122.38550816735689, 37.79055517037076], [-122.38550800812904, 37.79055475836122], [-122.38550785791385, 37.79055434350394], [-122.38550771673422, 37.79055392669966], [-122.38550758459006, 37.790553507948616], [-122.38550746263945, 37.790553088133294], [-122.38550734858937, 37.790552666389196], [-122.38550724470979, 37.7905522426801], [-122.38550714988872, 37.79055181792497], [-122.38550706526124, 37.79055139210558], [-122.38550698853403, 37.79055096435743], [-122.3855069220234, 37.790550536445885], [-122.38550686457098, 37.79055010748831], [-122.38550681733518, 37.79054967836739], [-122.38550677913487, 37.79054924729952], [-122.38550675003862, 37.790548816987325], [-122.385506731136, 37.790548385610876], [-122.38550672131463, 37.790547954089206], [-122.38550672059739, 37.790547523323205], [-122.38550673007374, 37.79054709149295], [-122.38550674865424, 37.79054666041838], [-122.38550677633883, 37.79054623009939], [-122.38550681423995, 37.79054579961704], [-122.38550686124513, 37.79054536989028], [-122.3855069173546, 37.790544940919204], [-122.38550698368039, 37.79054451178468], [-122.38550705915613, 37.79054408520753], [-122.38550714373599, 37.79054365938598], [-122.38550723741997, 37.79054323432011], [-122.3855073413662, 37.79054281089251], [-122.38550745328129, 37.79054238823866], [-122.38550757548164, 37.79054196812397], [-122.38550770680882, 37.79054154966584], [-122.38550784726314, 37.79054113286403], [-122.38550799684442, 37.79054071771883], [-122.38550815557564, 37.790540305130826], [-122.38550832345676, 37.7905398951002], [-122.38550849935257, 37.790539487644985], [-122.38550868551057, 37.790539081828086], [-122.38550887968326, 37.790538678586735], [-122.38550908302874, 37.79053827880343], [-122.38550929438901, 37.79053788159566], [-122.38550951603433, 37.79053748692704], [-122.38550974571723, 37.790537095734685], [-122.38550998343769, 37.790536708018635], [-122.38551022919582, 37.790536323778916], [-122.38551048412673, 37.790535942997316], [-122.38551074823035, 37.790535565673856], [-122.3855110192365, 37.790535191844974], [-122.38551129941538, 37.79053482147414], [-122.38551158651956, 37.79053445549861], [-122.38551188281939, 37.79053409388203], [-122.38551218717967, 37.790533736642686], [-122.3855124984425, 37.790533382897706], [-122.38551281776566, 37.79053303352997], [-122.38551314401434, 37.790532688557455], [-122.38551347834613, 37.79053234886294], [-122.38551382073858, 37.790532013545594], [-122.3855141689212, 37.79053168264171], [-122.38551452518705, 37.79053135701573], [-122.38551488951353, 37.79053103576701], [-122.38551525967577, 37.7905307207334], [-122.3855156367634, 37.79053041009503], [-122.38551602079924, 37.79053010475276], [-122.38551641178326, 37.79052980470674], [-122.38551680971548, 37.79052950995677], [-122.38551721348364, 37.79052922142198], [-122.38551762306476, 37.790528938201554], [-122.38551803959417, 37.79052866027717], [-122.38551846084707, 37.79052838948696], [-122.3855188901606, 37.79052812307382], [-122.38551932306251, 37.790527863813054], [-122.3855197629126, 37.79052760984837], [-122.38552020859873, 37.79052736209885], [-122.38552065898547, 37.79052712058258], [-122.38552111407303, 37.79052688529958], [-122.38552157499645, 37.790526656231755], [-122.38552204177867, 37.79052643427993], [-122.38552251099135, 37.79052621859767], [-122.3856866115099, 37.79045243044557], [-122.38760736420228, 37.78978746182472], [-122.3873480122821, 37.789311151191946], [-122.38536570079967, 37.789788419576304], [-122.38536346174031, 37.78978892580924], [-122.38536231389638, 37.78978915955178], [-122.38536116112293, 37.78978937805271], [-122.38536000339725, 37.78978958041095], [-122.38535884069644, 37.789789765725786], [-122.38535767422414, 37.78978993668164], [-122.38535650502415, 37.78979008965691], [-122.38535533202993, 37.78979022737228], [-122.38535415635377, 37.789790348908795], [-122.38535297913059, 37.78979045424829], [-122.38535179806753, 37.789790542526184], [-122.38535061661564, 37.789790615489785], [-122.38534943359406, 37.789790671355505], [-122.3853482490256, 37.78979071102418], [-122.38534706402255, 37.78979073357684], [-122.38534587863072, 37.78979074081519], [-122.38534469280431, 37.78979073093749], [-122.3853435077014, 37.789790704826416], [-122.38534232332195, 37.78979066248207], [-122.38534113966594, 37.78979060390443], [-122.38533995784569, 37.789790528174414], [-122.38533877904194, 37.78979043707563], [-122.38533760093897, 37.789790328842685], [-122.38533642582966, 37.789790204340115], [-122.38533525371412, 37.78979006356787], [-122.3853340846153, 37.789789907426886], [-122.38533291851016, 37.78978973501623], [-122.38533175766906, 37.78978954629971], [-122.38533060093411, 37.78978934039454], [-122.3853294483508, 37.78978911910244], [-122.38532830105456, 37.789788882405205], [-122.38532715902231, 37.78978862940207], [-122.385326022277, 37.7897883609939], [-122.38532489308889, 37.78978807714426], [-122.38532376916488, 37.789787776988696], [-122.38532265166296, 37.78978746140996], [-122.38532154287633, 37.789787131272504], [-122.38532044048887, 37.789786784810964], [-122.38531934568152, 37.78978642380892], [-122.38531825840855, 37.78978604646458], [-122.38531718100889, 37.78978565544426], [-122.38531611116639, 37.7897852489826], [-122.3853150511743, 37.789784827944], [-122.38531400103263, 37.78978439232857], [-122.38531295960622, 37.7897839421545], [-122.38531192918829, 37.78978347828627], [-122.3853109085978, 37.78978299894037], [-122.38530989901578, 37.78978250590032], [-122.38530889930705, 37.78978199918427], [-122.38530791174189, 37.78978147875593], [-122.38530693632025, 37.789780944615224], [-122.38530597192997, 37.78978039768129], [-122.3853050196604, 37.78977983613416], [-122.38530408071527, 37.78977926265829], [-122.38530315393655, 37.78977867637096], [-122.38530224043662, 37.789778076353194], [-122.38530134026115, 37.78977746440661], [-122.38530045338727, 37.7897768396305], [-122.38529958097295, 37.78977620290741], [-122.38529872188309, 37.78977555425562], [-122.38529787725291, 37.789774893656926], [-122.38529704824026, 37.78977422199397], [-122.38529623255228, 37.7897735384022], [-122.38529543361688, 37.78977284372815], [-122.38529464916397, 37.789772138008026], [-122.38529388035172, 37.78977142212451], [-122.38529312829213, 37.78977069515856], [-122.38529239073786, 37.78976995804745], [-122.38529167109445, 37.789769210736644], [-122.38529096709163, 37.789768453262525], [-122.38529027988716, 37.789767686507666], [-122.38528961061647, 37.78976691045401], [-122.3852889581443, 37.78976612511965], [-122.38528832249342, 37.78976533140544], [-122.38528770364114, 37.789764528410586], [-122.38528710388057, 37.78976371699953], [-122.38528652207646, 37.78976289719056], [-122.38528595825184, 37.78976206988436], [-122.3852854123837, 37.789761234180254], [-122.3852848845178, 37.78976039187978], [-122.38528437576656, 37.78975954206409], [-122.38528388615268, 37.78975868563396], [-122.38528341451823, 37.7897578217066], [-122.38528296317912, 37.78975695204757], [-122.38528252986531, 37.78975607669301], [-122.38528211682396, 37.789755194705876], [-122.38528172294292, 37.789754307005126], [-122.38528134824504, 37.7897534144916], [-122.38510870710498, 37.78932954907999], [-122.3851084267299, 37.78932883800321], [-122.38510817187661, 37.78932814814733], [-122.3851079317116, 37.789327455353046], [-122.38510770621193, 37.7893267587195], [-122.38510749653571, 37.78932605912928], [-122.38510730270569, 37.78932535748335], [-122.38510712354098, 37.78932465199807], [-122.3851069602454, 37.789323945357886], [-122.3851068127732, 37.7893232357611], [-122.38510668114726, 37.78932252410855], [-122.38510656539047, 37.78932181130107], [-122.3851064643447, 37.78932109645605], [-122.38510637916808, 37.78932038045599], [-122.38510630988335, 37.789319664202], [-122.38510625646785, 37.78931894679296], [-122.3851062188985, 37.78931822732821], [-122.3851061972669, 37.789317509411006], [-122.38510619150439, 37.789316790338994], [-122.38510620163379, 37.78931607101284], [-122.38510622654296, 37.78931535235164], [-122.38510626850207, 37.789314634319034], [-122.38510632637606, 37.78931391693317], [-122.38510639902978, 37.789313200212284], [-122.38510648759828, 37.78931248413802], [-122.38510659212736, 37.78931177051231], [-122.38510671257123, 37.78931105753341], [-122.38510684784065, 37.78931034702103], [-122.38510699904762, 37.78930963805628], [-122.38510716621526, 37.789308931539985], [-122.38510734934343, 37.789308227472226], [-122.38510754729707, 37.78930752587088], [-122.38510776007617, 37.7893068267363], [-122.38510798883866, 37.789306130950926], [-122.38510823358459, 37.78930543851488], [-122.38510849206655, 37.78930475036529], [-122.38510876650909, 37.789304064664066], [-122.38510905582278, 37.78930338323115], [-122.38510936000766, 37.789302706066536], [-122.38510967906366, 37.78930203317024], [-122.38511001299088, 37.78930136454224], [-122.38511036181211, 37.78930070108329], [-122.38511072552743, 37.78930004279354], [-122.38511110184342, 37.7892993888083], [-122.38511149421161, 37.789298740874926], [-122.38511190033876, 37.789298098128775], [-122.38511232022469, 37.789297460569955], [-122.38511275389249, 37.7892968290992], [-122.3851132024999, 37.78929620459931], [-122.38511366375404, 37.789295586205625], [-122.38511413878993, 37.78929497390012], [-122.38511462649524, 37.78929436860167], [-122.38511512911751, 37.789293769373224], [-122.38511564329693, 37.78929317807086], [-122.38511617128098, 37.78929259375748], [-122.38511671079944, 37.78929201646931], [-122.38511726414538, 37.78929144707093], [-122.38511783018367, 37.78929088558057], [-122.3851184077563, 37.7892903311154], [-122.38511899806694, 37.78928978635988], [-122.38511959875397, 37.7892892477469], [-122.38512021331427, 37.78928871882542], [-122.38512083831957, 37.78928819874905], [-122.38512147488197, 37.78928768659873], [-122.38512212191216, 37.78928718419441], [-122.3851227805226, 37.78928669061699], [-122.38512344957773, 37.78928620588466], [-122.38512413023601, 37.789285730880096], [-122.38512482020408, 37.789285264738815], [-122.38512552063992, 37.78928480834341], [-122.38512623043127, 37.789284362612904], [-122.38512695066757, 37.78928392572755], [-122.38512768025934, 37.7892834995071], [-122.3851284180488, 37.78928308306882], [-122.38512916632881, 37.78928267727735], [-122.3851299228293, 37.7892822821689], [-122.38513068752728, 37.789281896842745], [-122.38513146158083, 37.78928152218143], [-122.38513224274249, 37.78928115912223], [-122.3851330332597, 37.789280806727916], [-122.38513382970413, 37.78928046415224], [-122.38513463441465, 37.78928013406116], [-122.38513544621053, 37.78927981467137], [-122.38513626395653, 37.78927950600094], [-122.38513708996855, 37.78927920981528], [-122.38513792193082, 37.789278924348906], [-122.38513875873089, 37.78927865052089], [-122.3851396026391, 37.78927838829502], [-122.3851404525432, 37.78927813859018], [-122.38514130612704, 37.78927789964093], [-122.38514216684197, 37.7892776731946], [-122.38514806553746, 37.78922025122436], [-122.38718830589775, 37.78877373474614], [-122.38704904385423, 37.78822882445702], [-122.3852752853463, 37.78851882808389], [-122.38527413045094, 37.78851900696503], [-122.38527319235678, 37.788519137319234], [-122.38527225276151, 37.78851925327806], [-122.38527130944074, 37.78851935667957], [-122.3852703646874, 37.78851944838824], [-122.38526941843313, 37.788519525701616], [-122.38526846958835, 37.788519590439364], [-122.38526752040056, 37.78851964166458], [-122.38526656975736, 37.788519680296105], [-122.38526561877124, 37.78851970541493], [-122.38526466744204, 37.78851971702117], [-122.38526371579255, 37.78851971601561], [-122.38526276380014, 37.78851970149739], [-122.38526181262262, 37.7885196743492], [-122.38526086221428, 37.78851963276934], [-122.38525991377891, 37.78851957944224], [-122.38525896497764, 37.78851951170169], [-122.38525801928441, 37.7885194321957], [-122.3852570743604, 37.78851933825808], [-122.38525613252156, 37.78851923165412], [-122.38525519263293, 37.78851911240219], [-122.38525425582932, 37.78851898048392], [-122.38525332208823, 37.788518834998555], [-122.38525239143226, 37.78851867684691], [-122.38525146497373, 37.78851850511011], [-122.38525054162336, 37.78851832160778], [-122.38524962247041, 37.788518124520294], [-122.38524870753781, 37.788517914748375], [-122.38524779798354, 37.78851769317472], [-122.38524689378467, 37.78851745889855], [-122.38524599494141, 37.788517211919824], [-122.38524510031846, 37.78851695225667], [-122.38524421332107, 37.78851667985465], [-122.38524333058994, 37.78851639656992], [-122.38524245546165, 37.78851609964558], [-122.38524158686964, 37.78851579180214], [-122.3852407247683, 37.78851547123799], [-122.38523987031546, 37.7885151388358], [-122.3852390223762, 37.78851479461386], [-122.38523818324347, 37.78851443943653], [-122.38523735175932, 37.78851407242122], [-122.38523652905897, 37.7885136935497], [-122.38523571400714, 37.78851330284022], [-122.38523490664966, 37.788512902094396], [-122.38523411034627, 37.78851248945615], [-122.38523332171428, 37.788512065880674], [-122.38523254302393, 37.78851163133181], [-122.38523177429825, 37.78851118671031], [-122.3852310155144, 37.78851073111527], [-122.38523026553699, 37.788510264565005], [-122.38522952781742, 37.788509788806614], [-122.38522879890438, 37.78850930209294], [-122.38522808224917, 37.78850880617111], [-122.38522737667067, 37.788508299257764], [-122.38522668107976, 37.788507783172605], [-122.38522599774649, 37.7885072578794], [-122.38522532553587, 37.788506723396125], [-122.38522466556005, 37.78850617880409], [-122.38522401786491, 37.78850562590475], [-122.38522338242744, 37.78850506379744], [-122.38522275924763, 37.788504492481934], [-122.3852221483485, 37.788503912859284], [-122.385221550888, 37.788503325811966], [-122.3852209668203, 37.78850272953857], [-122.38522039503316, 37.788502124957866], [-122.38521983670755, 37.788501513853475], [-122.38521929179754, 37.78850089442366], [-122.38521876146135, 37.788500267551264], [-122.38521824456379, 37.788499633254254], [-122.38521774110475, 37.78849899153268], [-122.38521725226519, 37.78849834417019], [-122.38521677799933, 37.788497689364974], [-122.3852163183301, 37.788497028017886], [-122.3852158732803, 37.78849636102979], [-122.38521544166906, 37.78849568661723], [-122.3852150269704, 37.78849500742818], [-122.38521462575615, 37.78849432261629], [-122.38521424029643, 37.788493632145254], [-122.3852138694562, 37.788492936033144], [-122.38521351441632, 37.788492236063654], [-122.38521317510808, 37.78849152953407], [-122.38521285048795, 37.78849082006617], [-122.3852125427803, 37.78849010582172], [-122.38521225085022, 37.78848938681901], [-122.38521197358529, 37.788488663976935], [-122.38521171327866, 37.78848793816009], [-122.3852114676144, 37.78848720760308], [-122.38521123893132, 37.78848647497219], [-122.3852110271837, 37.78848573846572], [-122.38521083014695, 37.788484999921515], [-122.38512675686707, 37.78815419744679], [-122.3851264510954, 37.78815288837361], [-122.38512629930527, 37.788152142797415], [-122.38512616449621, 37.788151395147345], [-122.38512604666823, 37.78815064542335], [-122.38512594473204, 37.788149895445265], [-122.38512585975414, 37.788149142492436], [-122.38512579066791, 37.788148389285524], [-122.38512573858564, 37.788147634905556], [-122.38512570353018, 37.788146880253294], [-122.3851256843665, 37.788146125346955], [-122.38512568109452, 37.788145370186605], [-122.38512569598447, 37.788144614735884], [-122.38512572678907, 37.78814385993191], [-122.38512577464334, 37.788143105756504], [-122.38512583841221, 37.78814235222792], [-122.38512591923079, 37.78814159932792], [-122.38512601598683, 37.78814084797547], [-122.38512612981545, 37.78814009815258], [-122.38512625958154, 37.78813934987726], [-122.38512640644304, 37.78813860403216], [-122.38512656924205, 37.788137859734746], [-122.38512674913639, 37.788137117867656], [-122.38512694501402, 37.788136379349815], [-122.38512715569394, 37.78813564239776], [-122.38512738351501, 37.78813490967762], [-122.38512762843153, 37.78813417938787], [-122.38512788819617, 37.78813345246554], [-122.3851281639669, 37.788132729793254], [-122.38512845574358, 37.788132011371225], [-122.38512876350347, 37.78813129629845], [-122.3851290872923, 37.78813058637658], [-122.38512942592926, 37.7881298798222], [-122.38512978061783, 37.78812917931968], [-122.3851301501775, 37.78812848308537], [-122.38513053465375, 37.7881277929211], [-122.3851309351361, 37.788127107006886], [-122.38513134942286, 37.78812642808168], [-122.38513177971558, 37.788125753406604], [-122.385132224948, 37.78812508570229], [-122.38513268398461, 37.78812442498696], [-122.38513315791516, 37.788123769440745], [-122.385133645673, 37.78812312178439], [-122.38513414834745, 37.78812248019799], [-122.3851346648264, 37.78812184560047], [-122.38513519510964, 37.788121217991936], [-122.38513573922026, 37.7881205982732], [-122.38513629715806, 37.78811998644433], [-122.38513686776524, 37.78811938162251], [-122.3851374522225, 37.7881187855913], [-122.38513804823681, 37.78811819748625], [-122.38513865810124, 37.78811761817182], [-122.38513928065781, 37.78811704676532], [-122.38513991592949, 37.788116484167666], [-122.3851405639161, 37.788115930378694], [-122.38514122348269, 37.78811538541677], [-122.38514189465201, 37.78811485018257], [-122.38514257742413, 37.7881143246761], [-122.38514327177613, 37.78811380799668], [-122.38514397773085, 37.78811330104499], [-122.38514469415324, 37.78811280383925], [-122.38514542220129, 37.788112317262105], [-122.38514615960477, 37.78811184134981], [-122.3851469085881, 37.78811137426458], [-122.38514766694963, 37.78811091874499], [-122.38514843577892, 37.788110472971425], [-122.3851492139636, 37.78811003786277], [-122.38515000152647, 37.78810961431986], [-122.38515079844477, 37.788109201441905], [-122.38515160474134, 37.78810880012963], [-122.38515241925816, 37.788108409500474], [-122.38515324199531, 37.788108029554365], [-122.38515407299833, 37.788107662092976], [-122.38515491222171, 37.7881073053147], [-122.38515575971113, 37.78810696102121], [-122.38515661430857, 37.788106628329736], [-122.38515747487894, 37.78810630725851], [-122.38515834371518, 37.78810599867191], [-122.38515921852442, 37.78810570170562], [-122.38516010046457, 37.78810541724218], [-122.38516098840044, 37.78810514529986], [-122.38516188117401, 37.78810488499589], [-122.38516278107869, 37.78810463719475], [-122.38516368470867, 37.78810440195097], [-122.38516459433448, 37.788104179228256], [-122.38516550882098, 37.788103969044755], [-122.38516642705586, 37.78810377231943], [-122.38516735012861, 37.788103587232435], [-122.38516827694964, 37.788103415603686], [-122.38516920751908, 37.78810325743312], [-122.38712330817401, 37.787785912850254], [-122.38715220200568, 37.787781361610634], [-122.3871703931574, 37.78777815684339], [-122.38718851203765, 37.78777469999052], [-122.38720655074647, 37.787770992980654], [-122.38722450590102, 37.78776703676935], [-122.38724237073643, 37.78776283326723], [-122.38726014068894, 37.78775838164629], [-122.38727781017452, 37.787753685600634], [-122.38729537349454, 37.78774874432048], [-122.38731282619997, 37.78774356148176], [-122.38733016150279, 37.78773813809446], [-122.38734737488531, 37.7877324751322], [-122.38736446182995, 37.787726573568534], [-122.38738141561723, 37.787720437115794], [-122.38740700335673, 37.78724110702605], [-122.38702018558375, 37.78724729846019], [-122.3845633941212, 37.787400717839255], [-122.38456153350629, 37.787400830489624], [-122.38456049665429, 37.78740087229605], [-122.3845594583244, 37.78740090060789], [-122.38455841960575, 37.787400913605474], [-122.38455738167929, 37.78740091307218], [-122.38455634336425, 37.78740089722461], [-122.38455530584139, 37.78740086784625], [-122.38455426795277, 37.78740082405436], [-122.38455323194573, 37.78740076491182], [-122.38455219786594, 37.787400692220345], [-122.38455116569064, 37.78740060507911], [-122.38455013430749, 37.78740050440703], [-122.38454910594103, 37.78740038836624], [-122.38454808063713, 37.78740025875836], [-122.38454705837263, 37.787400114682534], [-122.38454603914782, 37.78739995613882], [-122.38454502412041, 37.78739978400979], [-122.38454401213265, 37.787399597412886], [-122.38454300434249, 37.78739939723074], [-122.38454200186204, 37.78739918254445], [-122.38454100360188, 37.78739895517367], [-122.38454001065169, 37.787398713298785], [-122.38453902416919, 37.78739845780233], [-122.38453804188418, 37.78739818872066], [-122.38453706717924, 37.78739790509844], [-122.3845360978526, 37.78739760967465], [-122.38453513497097, 37.787397299728404], [-122.38453417971503, 37.78739697704339], [-122.38453323092685, 37.78739664073689], [-122.38453229089954, 37.78739629167342], [-122.3845313573399, 37.78739592898835], [-122.38453043254121, 37.78739555354649], [-122.38452951652617, 37.78739516624838], [-122.38452860927202, 37.78739476619339], [-122.38452771077874, 37.78739435338142], [-122.38452682104622, 37.787393927812495], [-122.38452594009746, 37.78739349038741], [-122.38452507020268, 37.787393041070054], [-122.38452421020385, 37.78739257897759], [-122.38452336014662, 37.78739210591162], [-122.38452251998551, 37.787391620070636], [-122.38452169203616, 37.78739112321989], [-122.38452087402857, 37.78739061539582], [-122.38452006820998, 37.78739009566117], [-122.38451927349107, 37.78738956583578], [-122.38451848982608, 37.787389024118056], [-122.38451771950818, 37.787388471372424], [-122.38451696031268, 37.78738790943702], [-122.38451621330633, 37.787387335590985], [-122.3845154808278, 37.78738675250077], [-122.38451476056119, 37.78738615840078], [-122.38451405255216, 37.78738555509282], [-122.38451335904817, 37.787384941639715], [-122.38451267782467, 37.78738431987946], [-122.38451201224122, 37.7873836879559], [-122.38451135891552, 37.787383046824445], [-122.38451072011752, 37.7873823964486], [-122.38451009587028, 37.78738173772929], [-122.38450948617383, 37.78738107066654], [-122.3845088921631, 37.787380395242295], [-122.38450831268031, 37.78737971057373], [-122.38450774779388, 37.78737901936335], [-122.38450719859341, 37.7873783197914], [-122.38450666510144, 37.78737761275873], [-122.3845061461832, 37.787376898283476], [-122.38450564413151, 37.787376177230115], [-122.38450515778851, 37.78737544871607], [-122.38450468719995, 37.78737471454296], [-122.38450423345515, 37.787373972890954], [-122.38450379546481, 37.78737322557991], [-122.38450337322884, 37.78737247260979], [-122.38450296899462, 37.78737171304347], [-122.38450258167288, 37.78737094870083], [-122.38450221012829, 37.787370179599954], [-122.38450185547312, 37.78736940482189], [-122.38450151884273, 37.78736862434848], [-122.38450119914754, 37.7873678399996], [-122.38450089641043, 37.787367052675975], [-122.38450061169792, 37.78736625965708], [-122.3845003439206, 37.787365462762615], [-122.38450009423663, 37.78736466287537], [-122.38449986151066, 37.78736386001346], [-122.38449964685498, 37.787363053257906], [-122.38449944918032, 37.78736224442851], [-122.38449927073393, 37.78736143258819], [-122.38449910926855, 37.78736061867398], [-122.38449896589631, 37.787359801767046], [-122.38449884066304, 37.78735898366888], [-122.38449873356865, 37.78735816437968], [-122.38449864345522, 37.78735734301663], [-122.38434142203693, 37.785748353372135], [-122.38434133900363, 37.785747363369595], [-122.3843412897341, 37.7857465404523], [-122.38434125746808, 37.78574571636199], [-122.38434124452131, 37.78574489286419], [-122.38434124971315, 37.78574406817523], [-122.3843412719541, 37.78574324411497], [-122.38434131351438, 37.785742420647225], [-122.38434137212384, 37.78574159780816], [-122.38434145005255, 37.7857407755616], [-122.38434154618847, 37.78573995482649], [-122.3843416593963, 37.78573913562091], [-122.38434179083414, 37.7857383188276], [-122.38434193932112, 37.78573750266298], [-122.38434210717303, 37.7857366888925], [-122.38434229214286, 37.78573587845334], [-122.38434249534252, 37.785735070426426], [-122.38434271563703, 37.78573426482993], [-122.38434295418438, 37.78573346254654], [-122.38434320984943, 37.785732663594366], [-122.38434348379022, 37.78573186885625], [-122.3843437748486, 37.78573107744929], [-122.38434408307052, 37.78573029117535], [-122.38434440841014, 37.785729508232635], [-122.3843447508903, 37.78572872952198], [-122.38434511055677, 37.78572795684522], [-122.3843454873638, 37.785727188400514], [-122.38434588135719, 37.78572642598956], [-122.38434629137886, 37.785725668729675], [-122.38434671858693, 37.78572491750364], [-122.3843471618461, 37.785724172329495], [-122.38434762115638, 37.78572343320733], [-122.38434809651801, 37.785722700136986], [-122.38434858911161, 37.78572197490218], [-122.38434909662132, 37.785721255737414], [-122.38434962020507, 37.78572054352552], [-122.3843501598858, 37.785719839167136], [-122.38435071339322, 37.78571914269865], [-122.38435128410981, 37.78571845316482], [-122.38435186867596, 37.78571777242171], [-122.38435246820404, 37.7857170995504], [-122.38435308155871, 37.785716434568926], [-122.38435371105618, 37.785715779242814], [-122.38435435438026, 37.78571513180652], [-122.38435501157687, 37.785714494061835], [-122.38435568262311, 37.78571386510793], [-122.38435636754178, 37.78571324584554], [-122.38435706631006, 37.78571263537395], [-122.38435777783859, 37.78571203551282], [-122.38435850323945, 37.78571144534337], [-122.3843592414007, 37.78571086578447], [-122.38435999116417, 37.78571029595338], [-122.38436075366504, 37.785709735832015], [-122.38436152897181, 37.78570918812295], [-122.384362315881, 37.78570865014173], [-122.38436311441521, 37.7857081227892], [-122.38436392462025, 37.78570760786703], [-122.3843647464277, 37.785707102672795], [-122.38436557877085, 37.785706609927026], [-122.38436642162691, 37.78570612872893], [-122.38436727501883, 37.78570565997945], [-122.38436813890074, 37.785705201876716], [-122.38436901218343, 37.785704756240754], [-122.38436989597896, 37.785704322152434], [-122.38437078806301, 37.785703901449715], [-122.38437168954766, 37.78570349321373], [-122.3843726004102, 37.78570309654355], [-122.38437351956128, 37.785702713259006], [-122.38437444697789, 37.78570234245929], [-122.38437538268296, 37.78570198504523], [-122.38437632551855, 37.78570164013412], [-122.38437727664277, 37.78570130860867], [-122.3843782348973, 37.785700989586175], [-122.38437919917025, 37.78570068398563], [-122.38438017061944, 37.78570039268967], [-122.38438114808687, 37.78570011481572], [-122.38438213154977, 37.78569984946278], [-122.38438312107672, 37.78569959933358], [-122.38438411546399, 37.78569936174346], [-122.3843851147573, 37.78569913849439], [-122.38438611893388, 37.7856989286853], [-122.3843871280165, 37.785698733217174], [-122.38438814084726, 37.78569855120727], [-122.38438915858416, 37.7856983835383], [-122.38439017895699, 37.7856982302465], [-122.38439120196563, 37.78569809133189], [-122.38439222872235, 37.78569796587555], [-122.38439325698003, 37.78569785481452], [-122.38439428900863, 37.78569775811258], [-122.38439532253808, 37.78569767580597], [-122.38721806017837, 37.785525416517416], [-122.38724276741446, 37.78552497237346], [-122.38725618806669, 37.78552446736298], [-122.38726959716938, 37.7855237759855], [-122.38728298795755, 37.785522900151754], [-122.3872963569801, 37.78552183811453], [-122.38730970198971, 37.78552059081117], [-122.38732301619874, 37.78551915925126], [-122.3873362973138, 37.78551754257057], [-122.38734954086343, 37.78551574354417], [-122.38736274341933, 37.785513761325774], [-122.38737589930572, 37.785511596006316], [-122.38738900627567, 37.78550924852289], [-122.38740205981132, 37.78550671984915], [-122.3874150553953, 37.78550401095849], [-122.3874279896451, 37.78550112280638], [-122.38744085804332, 37.78549805636644], [-122.3874536571616, 37.78549481079215], [-122.3874663836634, 37.7854913888408], [-122.38747903189608, 37.78548779150392], [-122.38749159961222, 37.78548401971887], [-122.38750408229446, 37.78548007445911], [-122.3875164765603, 37.78547595668011], [-122.38752877789217, 37.78547166735535], [-122.38754098408864, 37.78546720922374], [-122.38755308945133, 37.7854625814754], [-122.38756509180163, 37.78545778774991], [-122.38758071755105, 37.785438380581525], [-122.38763104054267, 37.78486468599507], [-122.38545861716834, 37.784993511356355], [-122.38541471412145, 37.784606855751946], [-122.38722167742412, 37.78450164153899], [-122.38741759919, 37.78447938975218], [-122.38743874821742, 37.78447607629535], [-122.38745016674629, 37.78447405232925], [-122.3874615381352, 37.78447187140499], [-122.38747286122627, 37.784469532639974], [-122.38748413036694, 37.78446703702587], [-122.38749534333274, 37.78446438640072], [-122.38750649558355, 37.7844615808372], [-122.38751758484892, 37.78445862037177], [-122.38752860779246, 37.78445550776139], [-122.38753955985084, 37.784452242178], [-122.38755043882263, 37.784448826360475], [-122.38756124127967, 37.78444525946246], [-122.38757196275024, 37.78444154425923], [-122.38758260209939, 37.784437680768946], [-122.38759315367454, 37.78443366998337], [-122.38760361638637, 37.78442951372237], [-122.38761398574036, 37.78442521386043], [-122.38762425835418, 37.78442077135274], [-122.38763443195765, 37.784416186235845], [-122.38764450432643, 37.78441146034774], [-122.38765446987674, 37.78440659738266], [-122.38766432745052, 37.784401596458], [-122.3876740736884, 37.78439645942997], [-122.38767838066191, 37.78434959426437], [-122.38770983344676, 37.78387583847251], [-122.38628760373314, 37.78395928957796], [-122.38623661812078, 37.78340582905524], [-122.387526296757, 37.78333098745737], [-122.38753955441254, 37.783329267483296], [-122.3876959780413, 37.78327852853657], [-122.38775162464009, 37.7832463574741], [-122.38777675056045, 37.782867882333655], [-122.38762957835279, 37.78282465374032], [-122.38807000054341, 37.782449000337074], [-122.38807499981417, 37.78211200021877], [-122.3880959996408, 37.78191199993038], [-122.38830599956547, 37.781797999593735], [-122.38833999948004, 37.781798000260224], [-122.38875799962713, 37.78179799957584], [-122.38899600027175, 37.781711000265275], [-122.38916800034873, 37.78164899962099], [-122.38939000053617, 37.78150899976078], [-122.38975400022655, 37.7812210004236], [-122.39052700018703, 37.780606999814445], [-122.3910649998131, 37.78018200027932], [-122.3922110004484, 37.77927700003203], [-122.39274999947901, 37.77885199978907], [-122.39429999993733, 37.78009000034983], [-122.39463100023191, 37.780354000426264], [-122.39506500057145, 37.78070100022091], [-122.39551800005283, 37.781061999732046], [-122.3958429996731, 37.781321000229944], [-122.39638000016735, 37.78175000025072], [-122.39646100000526, 37.78181500038305], [-122.39661299990239, 37.78193699997869], [-122.3968409995709, 37.782118999573875], [-122.39738599997831, 37.78255400007539], [-122.39794299955454, 37.782998000028165], [-122.39893000016711, 37.78378500043584], [-122.39945999980904, 37.78421400043673], [-122.39988699968373, 37.78455900043229], [-122.40046800018878, 37.78502999976972], [-122.40270800027392, 37.78325899990069], [-122.40371199999187, 37.784043999707194], [-122.40426699942395, 37.78447899963783], [-122.40479499945762, 37.784908000368574], [-122.4052360004597, 37.78526499999607], [-122.40580699986937, 37.78572499982806], [-122.40582199961199, 37.78573700034616], [-122.40583100020682, 37.785743999673485], [-122.40597600033834, 37.785693000166916], [-122.40599999971887, 37.78567400035073], [-122.40732599976482, 37.784629999892665], [-122.4073370005528, 37.78456000042311], [-122.40769799994727, 37.784699000163606], [-122.40785300056072, 37.785492000360456], [-122.40803599976964, 37.78640999968351], [-122.40822699967885, 37.78735899976184], [-122.40840200006792, 37.78829299997248], [-122.40859500009617, 37.78922600012372], [-122.40872299965676, 37.78985299991825], [-122.40878600019867, 37.79016000015766], [-122.40796999970452, 37.790263000326895], [-122.40786900034998, 37.790275000351265], [-122.40749999952203, 37.79032199994297], [-122.40714900033723, 37.79036599996371], [-122.40720899985405, 37.79065800011342], [-122.40734000048411, 37.79129599961452], [-122.4074170003859, 37.79166800011643], [-122.407536000341, 37.79224899983939], [-122.40751299982566, 37.79225199985986], [-122.40671800047748, 37.79235199981981], [-122.4059380004541, 37.792451000328555], [-122.40565399998125, 37.79248700044011], [-122.40441800050584, 37.79263899957865], [-122.40461300004971, 37.79356499991531], [-122.40401600027147, 37.79364600012546], [-122.40295700051963, 37.79378000035161], [-122.40215999996965, 37.793879999687185], [-122.40131500013855, 37.793987000334], [-122.40014900001545, 37.79413399980144], [-122.40023899963454, 37.794574999626256], [-122.40032899965581, 37.79501300012964], [-122.40041300013114, 37.79544799977697], [-122.40048599969154, 37.795874999965356], [-122.40068099950014, 37.79677700006299], [-122.40086300043419, 37.797653999755674], [-122.40204100007708, 37.79750500002749], [-122.40219200001431, 37.79825000015025], [-122.40222899948584, 37.79843000041589], [-122.40242100043687, 37.799382000104664], [-122.4026039994484, 37.80030700018739], [-122.40278999995962, 37.801241999960276], [-122.40288100014357, 37.80169800009801], [-122.40297399973599, 37.80216700027395], [-122.40316000018245, 37.80309799972436], [-122.40352099952877, 37.80305500031976], [-122.404797999434, 37.8029009996648], [-122.40498600055588, 37.803832999683294], [-122.40517400051621, 37.80476299955129], [-122.40349500004032, 37.805088999894956], [-122.40315499981304, 37.8051220001141], [-122.40227000054828, 37.805127000412014], [-122.40178699988185, 37.805314000051425], [-122.40058900050177, 37.806021999944164], [-122.40058827732369, 37.80602241353753]]]]}, "properties": {"name": "Financial District/South Beach", "kind": "analysis_neighborhood", "source": "DataSF Analysis Neighborhoods (j2bu-swwd)", "as_of": "2026-09-22T19:45:36+00:00"}}, {"type": "Feature", "geometry": {"type": "MultiPolygon", "coordinates": [[[[-122.4062259995664, 37.79755900029376], [-122.40551299953815, 37.79706500039374], [-122.40531799992708, 37.797090000219], [-122.40477000013753, 37.79716000040229], [-122.40405799988149, 37.797249999926954], [-122.40367599974876, 37.797297999769164], [-122.40288699971117, 37.797395999685314], [-122.40204100007708, 37.79750500002749], [-122.40086300043419, 37.797653999755674], [-122.40068099950014, 37.79677700006299], [-122.40048599969154, 37.795874999965356], [-122.40041300013114, 37.79544799977697], [-122.40032899965581, 37.79501300012964], [-122.40023899963454, 37.794574999626256], [-122.40014900001545, 37.79413399980144], [-122.40131500013855, 37.793987000334], [-122.40215999996965, 37.793879999687185], [-122.40295700051963, 37.79378000035161], [-122.40401600027147, 37.79364600012546], [-122.40461300004971, 37.79356499991531], [-122.40441800050584, 37.79263899957865], [-122.40565399998125, 37.79248700044011], [-122.4059380004541, 37.792451000328555], [-122.40671800047748, 37.79235199981981], [-122.40751299982566, 37.79225199985986], [-122.407536000341, 37.79224899983939], [-122.40808900050466, 37.79217899982324], [-122.40836399958793, 37.79214100001205], [-122.40886399946865, 37.79208000016223], [-122.4091710000045, 37.79204299983456], [-122.40925799978389, 37.79246900020345], [-122.40936099952606, 37.79297100020096], [-122.40948800011824, 37.79355599970204], [-122.40953599970064, 37.7937769999417], [-122.40954100043022, 37.79385199985745], [-122.40972200001421, 37.79473699969498], [-122.41007300043037, 37.794690000316365], [-122.41053799989348, 37.7946309998337], [-122.41136399995663, 37.79452699960673], [-122.41147199953794, 37.79506099996867], [-122.41154199976809, 37.79540900034705], [-122.41163000031048, 37.795851000012256], [-122.41171899981416, 37.79629099982948], [-122.41188300034878, 37.79710499968689], [-122.41188799999192, 37.79713200005361], [-122.41207399994468, 37.79805700027238], [-122.41209600020683, 37.798164999879454], [-122.41228300033903, 37.799095999949856], [-122.41240800048202, 37.79971799994595], [-122.41241799964084, 37.799765000008804], [-122.41247100054456, 37.80003199956612], [-122.41253000024487, 37.800323000208316], [-122.41266000041117, 37.80096499957327], [-122.4127539995212, 37.80142999982768], [-122.41284900003785, 37.80189300017639], [-122.41290800040426, 37.80218399966503], [-122.41254100023258, 37.80193099979643], [-122.41137600033365, 37.80112499986388], [-122.41095400040065, 37.80083299988694], [-122.4102070001416, 37.80031499986262], [-122.40901400030491, 37.799489999714964], [-122.40786900022299, 37.79869700000102], [-122.40708300051753, 37.79815200033797], [-122.40666800028734, 37.79786500010134], [-122.4062259995664, 37.79755900029376]]]]}, "properties": {"name": "Chinatown", "kind": "analysis_neighborhood", "source": "DataSF Analysis Neighborhoods (j2bu-swwd)", "as_of": "2026-09-22T19:45:36+00:00"}}, {"type": "Feature", "properties": {"name": "Bay Street centerline", "kind": "split_line", "rule": "POIs in North Beach / Russian Hill north of this line are labeled Fisherman's Wharf", "source": "OpenStreetMap via Overpass (https://overpass.kumi.systems/api/interpreter); osm_base 2026-05-31T22:37:44Z; 24 ways named 'Bay Street'", "as_of": "2026-09-22T19:45:36+00:00"}, "geometry": {"type": "LineString", "coordinates": [[-122.4320223, 37.803232], [-122.4318837, 37.8032496], [-122.4317969, 37.8032603], [-122.4317116, 37.8032701], [-122.4314574, 37.803349], [-122.4313352, 37.8033692], [-122.4301597, 37.8035164], [-122.4300655, 37.8035283], [-122.429965, 37.803541], [-122.428419, 37.8037362], [-122.4268797, 37.8039304], [-122.4267758, 37.8039436], [-122.4266882, 37.8039547], [-122.4254612, 37.8041095], [-122.4253225, 37.804127], [-122.4252015, 37.8041423], [-122.4250497, 37.804161], [-122.4249487, 37.8041739], [-122.4235847, 37.8043481], [-122.4234834, 37.8043599], [-122.4233901, 37.8043731], [-122.4226475, 37.8044667], [-122.4225693, 37.8044766], [-122.4219427, 37.8045538], [-122.4218668, 37.8045662], [-122.4217468, 37.8045807], [-122.4203034, 37.8047859], [-122.4202126, 37.8047988], [-122.4201941, 37.8048014], [-122.4201762, 37.8048037], [-122.4200801, 37.8048146], [-122.4186341, 37.8049985], [-122.4185489, 37.8050084], [-122.4184483, 37.8050217], [-122.4178455, 37.8050982], [-122.4175523, 37.8051356], [-122.4175085, 37.8051412], [-122.4173972, 37.8051563], [-122.4172795, 37.8051714], [-122.4171628, 37.8051849], [-122.417067, 37.8051971], [-122.4169069, 37.8052173], [-122.4168076, 37.80523], [-122.4164634, 37.8052724], [-122.415364, 37.805408], [-122.4152616, 37.8054193], [-122.4151642, 37.8054295], [-122.4137205, 37.8056154], [-122.4136195, 37.8056285], [-122.413526, 37.8056403], [-122.4131762, 37.8056845], [-122.412073, 37.805824], [-122.4119718, 37.8058335], [-122.4118788, 37.8058418], [-122.4104333, 37.8060253], [-122.4103317, 37.8060358], [-122.4102442, 37.8060442], [-122.4095064, 37.806137], [-122.4093336, 37.8061581], [-122.4091532, 37.806182], [-122.4091234, 37.8061858], [-122.4076475, 37.8063741], [-122.4072612, 37.8064234], [-122.4071661, 37.8064355], [-122.4070868, 37.8064468], [-122.4069783, 37.8064623], [-122.4065005, 37.8065305], [-122.4061205, 37.8065837], [-122.4060651, 37.8065937], [-122.4059603, 37.8066266], [-122.4059224, 37.8068309], [-122.4059215, 37.8066772], [-122.4059146, 37.8066937], [-122.4059125, 37.8067721], [-122.4059114, 37.8067129], [-122.4059099, 37.806726], [-122.4058618, 37.8066466], [-122.4058327, 37.8066517], [-122.4058016, 37.8066572], [-122.4056307, 37.8066897]]}}]}